id,mod,date,description,type,budgetChange,dateChange
MC-0317893,001,2/3/2017,PERSONNEL SUBSTITUTION,,n/a,n/a
L-00318902,1,1/19/2017,"NEW NTE $33,500.00",Budget Update,500.00,n/a
L-00318898,1,1/18/2017,"NEW NTE $50,000.00",Budget Update,40000.00,n/a
MC-0318603,1,1/20/2017,FA ACCESS ROUTE REVISIONS,Budget Update,24000.00,n/a
L-00318884,1,2/7/2017,"NEW NTE $50,000",Budget Update,20000.00,n/a
P-00318764,1,12/16/2016,,Date Change,n/a,Jun 30 2017 12:00AM
MC-0318654,01,12/5/2016,VECP,Budget Update,-13364.00,n/a
L-00318816,1,1/4/2017,,Date Change,n/a,Dec 31 2017 12:00AM
P-00318583,1,9/27/2016,ADD SUBCONSULTANT LANDAU,,n/a,n/a
C-00318812,1,12/16/2016,OVERPAID & REFUNDED FOR 1/17,Budget Update,600.00,n/a
L-00318779,1,10/27/2016,"NEW NTE $19,000",Budget Update,5000.00,n/a
L-00318779,2,1/4/2017,,Date Change,n/a,Dec 31 2017 12:00AM
P-00318441,1,9/20/2016,,Date Change,n/a,Sep 11 2018 12:00AM
L-00318778,1,1/4/2017,,Date Change,n/a,Dec 31 2017 12:00AM
L-00318777,1,1/4/2017,,Date Change,n/a,Dec 31 2017 12:00AM
P-00318761,01,1/4/2017,,Budget Update,2452.00,n/a
L-00318765,1,12/15/2016,"NEW NTE $22,000.00",Budget Update,2000.00,n/a
L-00318765,2,1/4/2017,,Date Change,n/a,Dec 31 2017 12:00AM
P-00318719,1,10/5/2016,DRAFT REPORT DATE EXTENSION,,n/a,n/a
P-00318719,2,1/23/2017,FINAL REPORT DATE EXTENSION,,n/a,n/a
L-00318735,1,1/4/2017,,Date Change,n/a,Dec 31 2017 12:00AM
L-00318740,1,1/4/2017,,Date Change,n/a,Dec 31 2017 12:00AM
L-00318734,1,1/4/2017,,Date Change,n/a,Dec 31 2017 12:00AM
L-00318733,1,1/4/2017,,Date Change,n/a,Dec 31 2017 12:00AM
L-00318732,1,1/4/2017,,Date Change,n/a,Dec 31 2017 12:00AM
MC-0318605,1,9/27/2016,MOVE CONDUIT,Budget Update,10000.00,n/a
S-00318713,1,12/28/2016,,Date Change,n/a,Jan 31 2017 12:00AM
L-00318696,1,1/4/2017,,Date Change,n/a,Dec 31 2017 12:00AM
L-00318697,1,1/4/2017,,Date Change,n/a,Dec 31 2017 12:00AM
L-00318666,1,1/4/2017,,Date Change,n/a,Dec 31 2017 12:00AM
L-00318668,1,1/4/2017,,Date Change,n/a,Dec 31 2017 12:00AM
L-00318660,1,1/4/2017,,Date Change,n/a,Dec 31 2017 12:00AM
S-00318613,1,7/29/2016,ADDED 1K PER STACY FOX'S REQUE,Budget Update,1000.00,n/a
MC-0318312,0,8/31/2016,REVISE SPEC 061000,,n/a,n/a
MC-0318312,01,5/25/2016,REPLACE SPEC 019100.13,,n/a,n/a
MC-0318312,03,8/31/2016,PAINT WT SIDING,Budget Update,27416.00,n/a
MC-0318312,05,9/14/2016,RAISE UP WALLS,Budget Update,6000.00,n/a
MC-0318312,06,10/14/2016,"DELETE IMPROVEM LOG T 2,3",Budget Update,-493521.00,n/a
MC-0318312,07,9/14/2016,ELECTRICAL REVISIONS,Budget Update,2189.00,n/a
MC-0318312,08,9/14/2016,INSTALL CONDENSATE PIPE,Budget Update,1197.00,n/a
MC-0318312,10,9/29/2016,MODIFY ROOF ACCESS LADDER,Budget Update,3167.00,n/a
MC-0318312,11,10/14/2016,WESTSIGE STAIRS RAMP CHANGE,Budget Update,5000.00,n/a
MC-0318312,12,10/17/2016,ADD CABLE PROTECTOR,Budget Update,500.00,n/a
MC-0318312,13,11/16/2016,ELIMINATE GUARDRAIL,Budget Update,-6406.28,n/a
MC-0318312,14,11/16/2016,LADDER DESIGN ISSUES,Budget Update,6000.00,n/a
P-00318589,1,7/28/2016,,Date Change,n/a,Jul 28 2016 12:00AM
L-00318639,1,1/4/2017,,Date Change,n/a,Dec 31 2017 12:00AM
MC-0318450,01,5/11/2016,BUY UO TO 3 FUEL HYFRANTS,Budget Update,210000.00,n/a
MC-0318450,02,8/26/2016,ADD CATHODIC PROTECTION,Budget Update,10000.00,n/a
MC-0318450,03,8/29/2016,INSTALL 1 HYDRANT,Budget Update,250000.00,n/a
MC-0318450,04,8/31/2017,RECONCILE CO 01,Budget Update,-1689919.34,n/a
MC-0318450,05,9/22/2016,DELETE DRAWING C1.09 REPLACE,,n/a,n/a
MC-0318450,06,9/30/2016,WELDOLET IN LIEU SPLIT TEE,Budget Update,-35781.13,n/a
MC-0318450,07,9/30/2017,CREDIT REDUCED ASMP INSPECTION,Budget Update,-9500.00,n/a
MC-0318450,08,9/30/2016,PROVIDE 2 HYDRANT VALVE ASSEMB,Budget Update,70000.00,n/a
MC-0318450,09,10/26/2016,REMOVE/PLACE 1 CONCRETE PANE,Budget Update,28000.00,n/a
MC-0318450,10,12/30/2016,RECONCILE CO 3,Budget Update,-29282.93,n/a
MC-0318450,11,11/30/2017,RECONCILE CO 9,Budget Update,-4886.85,n/a
MC-0318450,12,11/30/2016,REMOVE/PLACE 1 CONCRETE PANEL,Budget Update,23745.56,n/a
MC-0318450,13,12/12/2016,RECONCILE CO 8,Budget Update,-12582.05,n/a
MC-0318450,15,12/27/2016,HREMOVE H222 INSTALLWELDED CAP,Budget Update,60000.00,n/a
L-00318640,1,1/4/2017,,Date Change,n/a,Dec 31 2017 12:00AM
MC-0318145,01,8/8/2016,,Budget Update,18520.00,n/a
MC-0318145,02,7/21/2016,,Budget Update,2716.00,n/a
MC-0318145,03,7/21/2016,,Budget Update,8264.00,n/a
MC-0318145,04,8/8/2016,,Budget Update,26741.00,n/a
MC-0318145,05,8/16/2016,,Budget and Date Change,-41362.00,Oct  8 2016 12:00AM
MC-0318145,06,8/16/2016,,Budget Update,2447.00,n/a
MC-0318145,07,8/24/2016,,Budget Update,-6881.00,n/a
MC-0318145,08,9/7/2016,,Budget Update,-6690.00,n/a
L-00318622,1,1/4/2017,,Date Change,n/a,Dec 31 2017 12:00AM
I-00318619,1,12/7/2016,NAME CHG PUGET SOUND REGIONAL,Date Change,n/a,Dec 31 2016 12:00AM
L-00318615,1,5/4/2016,"NEW NTE $150,000.00",Budget Update,143000.00,n/a
L-00318615,2,1/4/2017,,Date Change,n/a,Dec 31 2017 12:00AM
SW-0318575,1,6/1/2016,,Date Change,n/a,Aug 30 2016 12:00AM
S-00318588,1,5/3/2016,ALIGN W/DES CONTRACT EXPIRE,Date Change,n/a,Jan 31 2017 12:00AM
P-00318428,1,4/18/2016,PHASE 2 LANGUAGE,,n/a,n/a
P-00318428,2,5/9/2016,,Budget Update,3760000.00,n/a
FA-0318566,001,6/28/2016,,Date Change,n/a,Dec 31 2016 12:00AM
FA-0318566,002,9/7/2016,,Budget and Date Change,35000.00,Dec 31 2017 12:00AM
L-00318585,1,1/4/2017,,Date Change,n/a,Dec 31 2017 12:00AM
FA-0318495,01,6/28/2016,,Date Change,n/a,Dec 31 2016 12:00AM
FA-0318495,02,11/4/2016,,Budget and Date Change,16960.00,Dec 31 2017 12:00AM
FA-0318494,001,6/28/2016,,Date Change,n/a,Dec 31 2016 12:00AM
FA-0318494,002,12/6/2016,,Date Change,n/a,Dec 31 2017 12:00AM
FA-0318565,001,6/28/2016,,Date Change,n/a,Dec 31 2016 12:00AM
FA-0318565,002,12/6/2016,,Date Change,n/a,Dec 31 2017 12:00AM
P-00318284,01,2/17/2016,ADD SUBS,,n/a,n/a
MC-0318266,1,4/27/2016,FA FOR UNFORSEEN CONDITIONS,Budget Update,10000.00,n/a
MC-0318266,2,6/8/2016,FORCE ACCOUNT,Budget Update,5000.00,n/a
MC-0318266,3,6/20/2016,,Date Change,n/a,Dec  1 2016 12:00AM
MC-0318266,4,7/5/2016,ADD FORCE ACCOUNT,Budget Update,2000.00,n/a
MC-0318266,5,9/29/2016,RECONCILE CO 4,Budget Update,-1130.57,n/a
MC-0318266,6,9/29/2016,RECONCILE CO2,Budget Update,-3912.71,n/a
MC-0318266,7,10/6/2016,RECONCILED CHANGE ORDER 1,Budget Update,-8817.72,n/a
MC-0318266,8,12/8/2016,BID ITEM UNDERRUN,Budget Update,46532.37,n/a
SW-0318458,001,4/20/2016,,Date Change,n/a,Jun  1 2016 12:00AM
SW-0318458,002,5/16/2016,,Budget Update,4270.50,n/a
SW-0318458,003,5/16/2016,,Budget and Date Change,11410.50,Jun 15 2016 12:00AM
SW-0318458,004,6/3/2016,,Budget Update,1611.46,n/a
MC-0318406,1,7/28/2016,TRAFFIC CNTL/SIGNAL REVISIONS,Budget Update,5000.00,n/a
MC-0318406,2,7/28/2016,PROVIDE DRAINAGE REVISIONS,Budget Update,5000.00,n/a
MC-0318406,3,8/4/2016,PAVEMENT REVISIONS,Budget Update,7500.00,n/a
MC-0318406,4,8/4/2016,MODIFY SPEC 01 57 13,,n/a,n/a
MC-0318406,5,8/5/2016,ELECTRICAL REVISIONS,Budget Update,10000.00,n/a
MC-0318406,6,8/16/2016,ADDITIONAL FENCING,Budget Update,5000.00,n/a
MC-0318406,7,8/10/2016,DECOMMISSION WELL,Budget Update,1154.06,n/a
MC-0318406,8,1/12/2017,CHANGE CONTRACT LANGUAGE,,n/a,n/a
SW-0318476,001,1/11/2017,,Date Change,n/a,Jul 31 2017 12:00AM
C-00318540,1,1/23/2017,,Date Change,n/a,Jan 21 2018 12:00AM
SW-0318479,001,12/22/2016,,Date Change,n/a,Dec 30 2017 12:00AM
MC-0318543,1,9/22/2016,,Budget Update,6190.43,n/a
MC-0318543,2,12/20/2016,RECONCILE BID ITEM 4,Budget Update,-6963.04,n/a
MC-0318543,3,12/20/2016,"BID ITEM 3, CB 3, WATER DISPOS",Budget Update,-16687.09,n/a
MC-0318315,01,2/3/2016,CORRECTION IN DRAWINGS,,n/a,n/a
MC-0318315,02,2/11/2016,CHANGE OF GC .G02.04,,n/a,n/a
MC-0318315,03,2/11/2016,,Budget Update,35000.00,n/a
MC-0318315,04,3/1/2016,,Budget Update,7382.10,n/a
MC-0318315,10,5/9/2016,,Budget Update,17489.51,n/a
MC-0318315,11,5/18/2016,CONTRACTOR LAYDOWN SPACE SIGN,Budget Update,2494.68,n/a
MC-0318315,12,6/2/2016,MODIFICATIONS,Budget Update,-119306.50,n/a
MC-0318315,13,6/2/2016,,Budget Update,-1513.40,n/a
MC-0318315,14,6/8/2016,,Budget Update,10000.00,n/a
MC-0318315,15,6/13/2016,REVISED METHOD FOR TERMINATION,Budget Update,17000.00,n/a
MC-0318315,16,6/27/2016,IDENTIFICATION SIGNS,Budget Update,1203.17,n/a
MC-0318315,17,7/14/2016,MODIFICATIONS,Budget Update,2431.17,n/a
MC-0318315,18,8/2/2016,MODIFICATIONS,Budget Update,3398.31,n/a
MC-0318315,19,7/14/2016,,Budget Update,11600.42,n/a
MC-0318315,20,7/13/2016,MODIFICATION,Budget Update,2000.00,n/a
MC-0318315,21,9/6/2016,MODIFICATION,Budget Update,3591.35,n/a
MC-0318315,22,9/13/2016,MODIFICATIONS,Budget and Date Change,-18065.64,Aug 16 2016 12:00AM
MC-0318315,23,9/6/2016,MODIFICATIONS,Budget Update,72094.52,n/a
MC-0318315,24,9/6/2016,,Budget Update,-21968.72,n/a
MC-0318315,25,9/6/2016,,Budget Update,11854.20,n/a
MC-0318315,26,9/13/2016,MODIFICATION,Budget Update,1799.52,n/a
MC-0318315,27,9/13/2016,,Budget Update,1248.02,n/a
MC-0318315,28,9/15/2016,,Budget Update,-187.58,n/a
MC-0318315,5,3/10/2016,,Budget Update,10000.00,n/a
MC-0318315,6,4/7/2016,,Budget Update,24787.53,n/a
MC-0318315,12,1,2,,,
MC-0318315,1,2,,,,
SW-0318489,1,11/10/2016,,Date Change,n/a,Apr 30 2017 12:00AM
P-00318523,1,3/1/2016,,Budget Update,5000.00,n/a
P-00318364,1,9/20/2016,ADJUST SCHEDULE OF FEES,,n/a,n/a
P-00318364,2,12/12/2016,,Date Change,n/a,Dec 31 2017 12:00AM
P-00318469,1,12/29/2016,,Date Change,n/a,Dec 31 2017 12:00AM
S-00318606,1,5/5/2016,,Budget Update,50000.00,n/a
L-00318532,1,4/5/2016,"NEW NTE $70,000.00",Budget Update,20000.00,n/a
L-00318532,2,1/4/2017,,Date Change,n/a,Dec 31 2017 12:00AM
L-00318530,1,4/5/2016,"NEW NTE # $45,000.00",Budget Update,25000.00,n/a
L-00318530,2,1/4/2017,,Date Change,n/a,Dec 31 2017 12:00AM
P-00318361,1,10/20/2016,,Date Change,n/a,Dec 28 2017 12:00AM
SW-0318483,01,3/1/2016,ADMINISTRATIVE,,n/a,n/a
SW-0318483,02,12/13/2016,,Date Change,n/a,Jun 28 2017 12:00AM
L-00318526,1,1/4/2017,,Date Change,n/a,Dec 31 2017 12:00AM
MC-0318412,1,3/2/2016,PREMIUM LABOR RATE TO ACCELERA,Budget Update,27500.00,n/a
MC-0318412,2,3/2/2016,PROVIDE CONC SHEER AND DIVERS,Budget Update,50000.00,n/a
MC-0318412,3,7/5/2016,DEBRIS BOOM NOT DEPLOYED,Budget Update,-38060.00,n/a
MC-0318412,4,7/5/2016,DELETE CTP 5,Budget Update,-21836.88,n/a
MC-0318412,5,7/5/2016,RAISE PLATFORM FOR CTP-1,Budget Update,32254.12,n/a
MC-0318412,6,7/5/2016,LOWER TEMPLATE CTP-2,Budget Update,5266.73,n/a
MC-0318412,7,7/5/2016,CONSTRUCTION BULLETIN 4,Budget Update,4725.60,n/a
MC-0318412,8,7/5/2016,"CB 1,2,3 5 AND 10",,n/a,n/a
MC-0318412,9,7/5/2016,EQUIPMENT STANDBY,Budget Update,64050.55,n/a
P-00318501,02,11/29/2016,,Date Change,n/a,Jan 31 2017 12:00AM
P-00318501,2,1/31/2017,,Date Change,n/a,Feb 28 2017 12:00AM
C-00318521,1,8/11/2016,FOR ADJ OP EXPENSES 2015/2016,Budget Update,33205.74,n/a
C-00318521,2,12/30/2016,INC EST EXP JAN/FEB.17,Budget Update,4600.00,n/a
L-00318507,1,1/4/2017,,Date Change,n/a,Dec 31 2017 12:00AM
P-00318195,2,5/23/2016,,Budget and Date Change,294695.00,May 31 2019 12:00AM
C-00318493,1,12/28/2016,,Date Change,n/a,Dec 31 2017 12:00AM
L-00318496,1,11/21/2016,"NEW NTE $40,000",Budget Update,5000.00,n/a
L-00318496,2,12/14/2016,"NEW NTE $60,000.00",Budget Update,20000.00,n/a
L-00318496,3,1/4/2017,,Date Change,n/a,Dec 31 2017 12:00AM
MC-0318394,01,5/25/2016,REPLACE EXISTING PIPE,Budget Update,3000.00,n/a
MC-0318394,02,6/22/2016,REPLACE COLD WATER PIPE,Budget Update,114681.00,n/a
MC-0318394,03,6/28/2016,PROVIDE 4 DUCHMAN SPACERS,Budget Update,7092.00,n/a
MC-0318394,04,10/31/2016,RECONCILE CO 1,Budget Update,5446.00,n/a
L-00318487,1,4/5/2016,"NEW NTE $ 380,000.00",Budget Update,255000.00,n/a
L-00318487,2,9/28/2016,"NEW NTE $435,000",Budget Update,55000.00,n/a
L-00318487,3,12/15/2016,"NEW NTE $500,000",Budget Update,65000.00,n/a
L-00318487,4,1/4/2017,,Date Change,n/a,Dec 31 2017 12:00AM
P-00318286,1,9/6/2016,"CHANGE PM, REMOVE SECTION VI",,n/a,n/a
P-00318286,2,11/18/2016,,,n/a,n/a
SW-0318435,1,10/5/2016,,Date Change,n/a,Apr 27 2017 12:00AM
P-00318442,1,5/11/2016,,Date Change,n/a,Oct 25 2017 12:00AM
P-00318350,1,12/7/2015,,Date Change,n/a,Feb 20 2017 12:00AM
P-00318350,2,5/23/2016,FEE SCHEDULE,,n/a,n/a
P-00318350,3,6/22/2016,CHANGE TO PAYMENT TERMS,,n/a,n/a
P-00318350,4,1/19/2017,,Date Change,n/a,Feb 20 2018 12:00AM
P-00318472,01,10/14/2016,,Date Change,n/a,Feb 28 2017 12:00AM
SW-0318424,001,9/22/2016,,Date Change,n/a,Oct 16 2017 12:00AM
P-00318148,3,7/8/2016,,Date Change,n/a,Oct  6 2017 12:00AM
P-00318343,1,5/12/2016,,Date Change,n/a,Oct  5 2017 12:00AM
C-00318490,1,8/4/2016,,Budget Update,76000.00,n/a
P-00318417,1,9/28/2016,,Date Change,n/a,Sep 29 2017 12:00AM
SW-0318423,001,8/4/2016,DOUBLE-TIME RATE,,n/a,n/a
SW-0318423,002,9/21/2016,,Date Change,n/a,Sep 22 2017 12:00AM
C-00318451,1,12/15/2015,,Budget and Date Change,22500.00,Aug 31 2016 12:00AM
C-00318451,2,8/5/2016,,Date Change,n/a,Dec 31 2017 12:00AM
S-00318439,1,6/24/2016,,Budget and Date Change,8500.00,Jun 23 2017 12:00AM
SW-0318318,01,8/31/2016,,Date Change,n/a,Mar  7 2017 12:00AM
P-00318402,1,11/30/2015,,Date Change,n/a,Sep  2 2017 12:00AM
P-00318147,1,7/12/2016,,Date Change,n/a,Aug 31 2017 12:00AM
MC-0318290,001,7/26/2016,TERMS FOR SUBS,,n/a,n/a
P-00318232,1,9/1/2015,,Date Change,n/a,Jul  1 2021 12:00AM
C-00318431,1,8/1/2016,,Date Change,n/a,Aug  1 2017 12:00AM
P-00318213,1,8/27/2015,,Date Change,n/a,Jul 30 2017 12:00AM
S-00318414,1,7/26/2016,,Date Change,n/a,Jul 26 2017 12:00AM
MC-0318087,1,1/4/2016,POST-VALIDATION AMENDMENT,Budget and Date Change,38845638.00,Mar 31 2017 12:00AM
P-00318274,1,3/29/2016,PM CHANGE,,n/a,n/a
P-00318274,2,6/30/2016,,Date Change,n/a,Jul  8 2017 12:00AM
P-00318164,1,6/27/2016,,Date Change,n/a,Jul  2 2017 12:00AM
P-00318401,1,7/6/2016,,Date Change,n/a,Jul 13 2017 12:00AM
P-00318401,2,7/6/2016,REVISED BILLING RATES,,n/a,n/a
P-00318401,3,7/6/2016,,Budget Update,90000.00,n/a
L-00318398,1,8/5/2016,"NEW NTE $125,000.00",Budget Update,125000.00,n/a
L-00318398,2,1/4/2017,,Date Change,n/a,Dec 31 2017 12:00AM
MC-0318407,1,8/25/2016,"REVISIONS TO GATE S1, S9, S10",Budget Update,93902.00,n/a
MC-0318407,10,11/2/2016,FIRE RETARDANT LUMBER,Budget Update,35000.00,n/a
MC-0318407,11,11/7/2016,EXIT SIGNS,Budget Update,1525.94,n/a
MC-0318407,12,11/17/2016,DATA CABLES,Budget Update,9000.00,n/a
MC-0318407,13,11/15/2016,SECURITY INFILL CABINETS,Budget Update,14135.00,n/a
MC-0318407,14,11/17/2016,BACKSTAND VENTS,Budget Update,7189.33,n/a
MC-0318407,15,11/17/2016,INSTALL MONITOR ADAPTORS,Budget Update,408.00,n/a
MC-0318407,16,11/29/2016,FILL OPENING,Budget Update,3350.00,n/a
MC-0318407,17,12/20/2016,ADD FRAMING CONCESSIONS AREA,Budget Update,1348.00,n/a
MC-0318407,18,1/10/2017,PROVIDE COVER PLATES,Budget Update,656.87,n/a
MC-0318407,2,8/25/2016,INST KICK PLATES AND SCREENS,Budget Update,19898.13,n/a
MC-0318407,3,9/1/2016,UPDATED SPECIFICATIONS,,n/a,n/a
MC-0318407,4,9/1/2016,BEST LOCKS,Budget Update,18472.27,n/a
MC-0318407,5,9/6/2016,PODIUM MODIFICATIONS,,n/a,n/a
MC-0318407,6,9/15/2016,MODIFY BARRICADE PANEL,Budget Update,772.13,n/a
MC-0318407,7,10/5/2016,PROVIDE FIRE STOPPING MATERIAL,Budget Update,1900.00,n/a
MC-0318407,8,10/5/2016,LIGHT FIXTURES AT BACKSTANDS,Budget Update,1174.04,n/a
MC-0318407,9,10/18/2016,REVISE PHASING,,n/a,n/a
L-00318400,1,9/18/2015,"NEW NTE $22,000.00",Budget Update,7000.00,n/a
L-00318400,2,1/4/2017,,Date Change,n/a,Dec 31 2017 12:00AM
MC-0318151,09,8/22/2016,RECONCILE CO 04,Budget Update,338.00,n/a
MC-0318151,1,2/23/2016,POWER & COMMUNICATION CONDUI,Budget Update,6000.00,n/a
MC-0318151,10,9/7/2016,TROUBLESHOOTING WAP,Budget Update,797.00,n/a
MC-0318151,11,9/7/2016,WIRELESS ACCESS POINTS,Budget Update,4522.00,n/a
MC-0318151,12,10/7/2016,FMS CABLES AT RACKS,Budget Update,8640.00,n/a
MC-0318151,13,10/7/2016,PATCH PANEL,Budget Update,14077.20,n/a
MC-0318151,14,10/7/2016,GID BRACKET,Budget Update,464.35,n/a
MC-0318151,15,11/1/2016,RECONCILES CO 5,Budget Update,9777.00,n/a
MC-0318151,16,11/23/2016,RECONCILE CHANGE ORDER 6,Budget Update,3542.00,n/a
MC-0318151,17,11/28/2016,RECONCILE CHANGE ORDER 1,,n/a,n/a
MC-0318151,18,12/29/2016,ADD 51 DAYS-CONTRACT DURATION,Date Change,n/a,May 11 2016 12:00AM
MC-0318151,2,3/1/2016,CAT6 CABLE,Budget Update,1100.00,n/a
MC-0318151,3,3/15/2016,RELOCATE ASSIGNED LAYDOWN SPAC,Budget Update,1200.00,n/a
MC-0318151,4,3/28/2016,NTE.CABLING & CORRUGATED DUCTS,Budget Update,10500.00,n/a
MC-0318151,5,4/1/2016,NTE MODIFY GID BRACKETS,Budget Update,10200.00,n/a
MC-0318151,6,4/27/2016,NTE GATE DISPLAY/GID BRACKETS,Budget Update,1700.00,n/a
MC-0318151,7,6/22/2016,"EMPLOYEE BADGE,ELEC RECEPTICAL",Budget Update,5296.18,n/a
MC-0318151,8,8/22/2016,RECONCILE CO 03,Budget Update,-12.19,n/a
MC-0317993,1,3/24/2016,REPL SECTION 01500,,n/a,n/a
MC-0317993,3,7/14/2016,CONDUIT,Budget and Date Change,74202.00,Jun 21 2016 12:00AM
MC-0317993,5,1/20/2017,DELETE WORK ASSOC. W/ACTUATORS,Budget Update,-46317.40,n/a
S-00318366,1,1/6/2016,,Budget Update,60000.00,n/a
S-00318397,1,7/1/2016,,Budget and Date Change,50000.00,Jun 30 2017 12:00AM
S-00318372,1,6/10/2016,,Date Change,n/a,Jun 21 2017 12:00AM
MC-0318262,1,10/31/2015,ADD SPECIFICATION PER CB 1,,n/a,n/a
MC-0318262,11,2/7/2017,RECONCILE CO 6,Budget and Date Change,4284.62,May 12 2016 12:00AM
MC-0318262,12,2/7/2017,RECONCILE CO 7,Budget and Date Change,49040.58,Jun  1 2016 12:00AM
MC-0318262,2,12/3/2015,CB2 AND SS WIREWAYS,,n/a,n/a
MC-0318262,3,1/20/2016,CAD REVISIONS,Budget Update,3000.00,n/a
MC-0318262,4,1/20/2016,REDESIGN OF TEMP PWR SYSTEM,Budget Update,2000.00,n/a
MC-0318262,5,4/11/2016,"CB4, 5, 7, 8 AND 14",,n/a,n/a
MC-0318262,6,5/2/2016,MODIFY LIFT STATION 1 ELEC SYS,Budget Update,20000.00,n/a
MC-0318262,7,5/3/2016,CB 20,Budget Update,40000.00,n/a
SW-0318324,1,6/6/2016,,Date Change,n/a,Dec 29 2016 12:00AM
SW-0318324,2,11/17/2016,,Date Change,n/a,Mar 31 2017 12:00AM
P-00318166,01,5/31/2016,,Date Change,n/a,May 31 2017 12:00AM
P-00318166,02,6/20/2016,REPLACE FEE SCHEDULE,,n/a,n/a
S-00318363,1,7/1/2016,,Budget and Date Change,10000.00,Jun 30 2017 12:00AM
SW-0318281,001,6/7/2016,,Date Change,n/a,Jun 10 2017 12:00AM
S-00318358,1,7/1/2016,,Budget and Date Change,25000.00,Jun 30 2017 12:00AM
S-00318358,2,7/7/2016,,Budget Update,15000.00,n/a
P-00318104,1,7/31/2015,ADD STAFF AND ODCS,Budget Update,79214.00,n/a
P-00318104,2,9/25/2015,,Budget Update,19947.00,n/a
P-00318104,3,9/30/2016,ADD STAFF,,n/a,n/a
P-00318104,4,10/16/2015,ADD STAFF,,n/a,n/a
P-00318104,5,11/11/2015,ADD STAFF,,n/a,n/a
P-00318104,6,11/9/2015,,Budget Update,62095.00,n/a
S-00318356,1,10/21/2016,,Budget and Date Change,10000.00,Jun  1 2017 12:00AM
P-00318228,1,4/26/2016,,Date Change,n/a,May 13 2017 12:00AM
P-00318227,1,4/7/2016,,Date Change,n/a,May 31 2017 12:00AM
MC-0318215,01,10/19/2015,,Budget Update,2403.00,n/a
SW-0318278,1,5/3/2016,,Date Change,n/a,May 19 2017 12:00AM
L-00318344,1,8/5/2016,"NEW NTE $21,000.00",Budget Update,6000.00,n/a
L-00318344,2,1/4/2017,,Date Change,n/a,Dec 31 2017 12:00AM
P-00318140,2,2/17/2016,,Budget Update,150000.00,n/a
P-00318140,3,6/15/2016,,Budget Update,950000.00,n/a
S-00318336,1,1/5/2016,,Budget Update,25000.00,n/a
S-00318336,2,3/18/2016,,Budget and Date Change,50000.00,Dec 31 2016 12:00AM
S-00318336,3,8/19/2016,,Budget Update,25000.00,n/a
S-00318336,4,11/10/2016,,Budget Update,50000.00,n/a
S-00318336,5,1/1/2017,,Budget and Date Change,50000.00,Dec 31 2017 12:00AM
C-00318328,0,5/12/2015,CONTRACT INCEPTION,,n/a,n/a
C-00318328,1,5/20/2016,,Date Change,n/a,May 19 2017 12:00AM
SW-0318253,02,8/4/2016,OT RATES,,n/a,n/a
SW-0318253,1,4/21/2016,,Date Change,n/a,May  4 2017 12:00AM
P-00318200,01,7/29/2015,,Budget Update,229467.00,n/a
P-00318200,02,7/31/2015,,Budget Update,-100.00,n/a
P-00318200,03,8/27/2015,,Budget Update,174617.10,n/a
P-00318200,04,11/13/2015,,Budget Update,291898.00,n/a
P-00318200,05,12/9/2016,,Date Change,n/a,Apr 20 2017 12:00AM
L-00318331,1,9/1/2016,"NEW NTE $143,000.00",Budget Update,43000.00,n/a
L-00318331,2,1/4/2017,,Date Change,n/a,Dec 31 2017 12:00AM
L-00318314,1,10/30/2015,"NEW NET$ 90,000.00",Budget Update,70000.00,n/a
L-00318314,2,12/15/2015,"NEW NTE $60,000",Budget Update,30000.00,n/a
L-00318314,3,10/27/2016,"NEW NTE $70,000",Budget Update,10000.00,n/a
L-00318314,4,1/4/2017,,Date Change,n/a,Dec 31 2017 12:00AM
P-00318271,1,1/15/2016,,Budget Update,8869.00,n/a
C-00318295,1,7/28/2015,YEAR 2 CERTIFICATE FEE,Budget Update,1520.00,n/a
C-00318295,2,3/30/2016,WAITING ON PR FROM ICT,Date Change,n/a,Mar 31 2017 12:00AM
C-00318295,3,4/1/2016,,Budget and Date Change,79251.60,Mar 31 2017 12:00AM
P-00318219,1,2/16/2016,,Date Change,n/a,Mar 18 2017 12:00AM
P-00318156,1,7/14/2015,,,n/a,n/a
P-00318156,2,3/17/2016,,Date Change,n/a,Mar 23 2017 12:00AM
L-00318292,1,5/19/2015,"NEW NTE $50,000.00",Budget Update,40000.00,n/a
L-00318292,2,1/25/2016,NEW NTE $85000,Budget Update,35000.00,n/a
L-00318292,3,3/16/2016,"NEW NTE $100,000.00",Budget Update,15000.00,n/a
L-00318292,4,3/21/2016,"NEW NTE $ 120,000.00",Budget Update,20000.00,n/a
L-00318292,5,1/4/2017,,Date Change,n/a,Dec 31 2017 12:00AM
SW-0318201,1,2/23/2016,,Date Change,n/a,Mar 12 2017 12:00AM
L-00318268,1,6/18/2015,"NEW NTE$50,000.00",Budget Update,25000.00,n/a
L-00318268,2,1/4/2017,,Date Change,n/a,Dec 31 2017 12:00AM
P-00318009,1,4/8/2015,ADD ODC,,n/a,n/a
P-00318009,2,10/22/2015,REVISE ATT B,,n/a,n/a
P-00318009,3,1/25/2016,,Date Change,n/a,Feb  1 2017 12:00AM
P-00318009,4,3/2/2016,REVISE ATT B,,n/a,n/a
P-00318009,5,3/29/2016,REVISE ATT B,,n/a,n/a
P-00318009,6,5/26/2016,REVISE ATT B,,n/a,n/a
S-00318237,1,12/23/2015,,Budget Update,40000.00,n/a
S-00318238,1,5/28/2015,,Budget Update,198568.65,n/a
MC-0318083,1,6/17/2015,CONCRETE FOOTING,Budget Update,7858.00,n/a
MC-0318083,10,11/4/2015,PANTOGRAPH/BEAM/CRANE,Budget Update,9191.00,n/a
MC-0318083,11,12/17/2015,MULTIPLE TRENDS,Budget Update,16373.00,n/a
MC-0318083,12,2/8/2016,"RECONCILE CO 6, & ADD 33 DAYS",Budget Update,14794.00,n/a
MC-0318083,13,1/22/2016,MISC. SCOPE ITEMS,Budget Update,7991.00,n/a
MC-0318083,14,1/22/2016,MISC. SCOPE ITEMS,Budget Update,13438.00,n/a
MC-0318083,15,1/22/2016,STRUCTURAL STEEL MODIFICATIONS,Budget Update,5494.00,n/a
MC-0318083,2,7/28/2015,NEW FIRE HYDRANT & GATE VALVE,Budget Update,5928.00,n/a
MC-0318083,3,6/19/2015,REVISE PROJECT PHASING,Budget Update,19470.00,n/a
MC-0318083,4,8/12/2015,RESILIENT FLOORING,Budget Update,1002.00,n/a
MC-0318083,5,8/12/2015,PIPE SUPPORT ATTACHMENTS,Budget Update,726.00,n/a
MC-0318083,6,8/27/2015,S5 & S6 LOADING BRIDGE WORK,Budget Update,20000.00,n/a
MC-0318083,7,8/27/2015,REVISE STEEL CONNECTION DETAIL,Budget Update,1319.00,n/a
MC-0318083,8,8/27/2015,"REVISE DOOR HDWR, TYPES,SPECS",Budget Update,-2479.00,n/a
MC-0318083,9,8/27/2015,ADD STAINLESS STEEL BEAM WRAPS,Budget Update,1433.00,n/a
MC-0318131,1,4/16/2015,PROJECT SCHEDULER,Budget Update,70000.00,n/a
MC-0318131,10,12/20/2015,REPLACE PANEL JOINTS,Budget Update,25371.85,n/a
MC-0318131,11,12/18/2015,LIGHT CAN BOLTS,Budget Update,30000.00,n/a
MC-0318131,12,2/2/2016,INSTALL 16C ALSF BAR,Budget Update,105261.79,n/a
MC-0318131,13,1/21/2016,WEATERH IMPACT,Budget Update,50000.00,n/a
MC-0318131,14,1/21/2016,MODIFY AIRFIELD LIGHTING,Budget Update,62454.96,n/a
MC-0318131,15,12/31/2015,DUCTBANKS/LIGHTS,Budget Update,-11360.84,n/a
MC-0318131,16,1/6/2016,MISC ELEC WORK,Budget Update,44764.30,n/a
MC-0318131,17,2/1/2016,WEATHER IMPACT,Budget Update,50000.00,n/a
MC-0318131,18,2/1/2016,REMOVE/REPLACE PANEL,Budget Update,4026.00,n/a
MC-0318131,19,2/1/2016,INFIELD DRAINAGE,Budget Update,67781.21,n/a
MC-0318131,2,6/26/2015,TRAFFIC CONTROL,Budget Update,55000.00,n/a
MC-0318131,20,2/1/2016,CLEAN OUT/TEMP BYPASS,Budget Update,9461.17,n/a
MC-0318131,21,2/1/2016,CONC PANELS,Budget Update,30334.81,n/a
MC-0318131,22,4/29/2016,ACCELERATE,Budget Update,22839.86,n/a
MC-0318131,23,2/24/2016,RAISE APPROACH LIGHTS,Budget Update,63999.68,n/a
MC-0318131,24,3/18/2016,LIGHT CAN CONFLICT CONC JOINTS,Budget Update,107556.48,n/a
MC-0318131,25,3/18/2016,INSTALL RNWY GUARD LIGHTS,Budget Update,49562.25,n/a
MC-0318131,26,3/18/2016,TEMP GENERATOR FAA FACILITY,Budget Update,18242.73,n/a
MC-0318131,27,3/18/2016,NEW TYPE 7-2 DUCTBANK,Budget Update,3636.13,n/a
MC-0318131,28,3/18/2016,ASSIST XSIGHT WITH FOD SENSORS,Budget Update,10869.76,n/a
MC-0318131,29,4/4/2016,ACCELERATE RNWY 16L,Budget Update,244100.00,n/a
MC-0318131,3,6/30/2015,REMOVE & REPLACE PANELS,Budget Update,935835.75,n/a
MC-0318131,30,4/29/2016,REMOVE/REPLACE CONC PANELS,Budget Update,60266.13,n/a
MC-0318131,31,4/27/2016,NEEDED HANDHOLE HATCHES,Budget Update,45773.32,n/a
MC-0318131,123,1,2,3,,
MC-0318131,1,2,3,,,
P-00318088,1,3/18/2015,ADDED MARKUP CLAUSE,,n/a,n/a
S-00318207,1,2/26/2016,,Date Change,n/a,Jan 31 2017 12:00AM
SW-0318155,001,12/22/2015,,Date Change,n/a,Jan 20 2017 12:00AM
SW-0318155,002,1/21/2016,RATE INCREASE,,n/a,n/a
P-00318106,1,3/17/2015,,Date Change,n/a,Jan 11 2017 12:00AM
P-00318106,2,6/11/2015,CHANGE PORT PM,,n/a,n/a
P-00318106,3,10/8/2015,ADD POSITION TO FEE SCHEDULE,,n/a,n/a
P-00318106,4,4/25/2016,,Date Change,n/a,Jan 11 2018 12:00AM
SW-0317911,001,1/6/2016,,Date Change,n/a,Apr  7 2016 12:00AM
C-00318223,1,6/1/2015,,Date Change,n/a,Dec 31 2015 12:00AM
C-00318223,2,1/1/2016,,Date Change,n/a,Dec 31 2016 12:00AM
MC-0318080,001,6/12/2015,STAFF CHANGE,,n/a,n/a
MC-0318080,002,7/2/2015,MC/CM AND EC/CM CONTRACTS,Budget Update,-3345.66,n/a
MC-0318080,003,7/29/2015,ADD ESTIMATOR PRECON,,n/a,n/a
MC-0318080,004,9/29/2015,MC/CM AND EC/CM ADD ESTIMATORS,,n/a,n/a
MC-0318080,005,10/27/2015,STAFF CHANGE,,n/a,n/a
MC-0318080,006,11/19/2015,SPEC CHANGE EARLY WORK DEFINED,,n/a,n/a
MC-0318080,007,1/21/2016,"SPEC, GC CHANGE, REDUCE CONTRA",Budget Update,0.34,n/a
MC-0318080,008,3/4/2016,ELECTRIC SCOPE CHANGE,Budget Update,12000.00,n/a
MC-0318080,009,3/21/2016,STAFF CHANGE,,n/a,n/a
MC-0318080,010,4/5/2016,MODIFY SPEC SECTIONS,,n/a,n/a
MC-0318080,011,5/4/2016,PRECONSTRUCITON SERVICES,Budget Update,1260000.00,n/a
MC-0318080,012,5/20/2016,PRE-CONSTRUCTION STAFFING,,n/a,n/a
MC-0318080,013,6/3/2016,INCREASE AMENDMENT 1,Budget Update,201008.00,n/a
MC-0318080,014,6/21/2016,PRECON STAFF CHANGE,,n/a,n/a
MC-0318080,015,6/21/2016,PRECON STAFF CHANGE,,n/a,n/a
MC-0318080,016,6/21/2016,LASER SCANNING,Budget Update,40000.00,n/a
MC-0318080,017,6/21/2016,SPECIFICATION CHANGE,,n/a,n/a
MC-0318080,018,6/21/2016,PRECON STAFF CHANGE,,n/a,n/a
MC-0318080,019,7/14/2016,"SBE,SCS REQUIRE,GOALS",,n/a,n/a
MC-0318080,020,7/22/2016,POTHOLE,Budget Update,20000.00,n/a
MC-0318080,021,8/2/2016,PRECON STAFF CHANGE,,n/a,n/a
MC-0318080,022,8/19/2016,SPECIFICATION CHANGE,,n/a,n/a
MC-0318080,023,8/24/2016,MISC SITE WORK -FA,Budget Update,125000.00,n/a
MC-0318080,024,8/24/2016,PLB ANCHOR BOLT CLASH,Budget Update,5200.00,n/a
MC-0318080,025,8/26/2016,BIDDER DESIGN EXT STAIR,Budget Update,7514.00,n/a
MC-0318080,12,1,2,,,
MC-0318080,1,2,,,,
C-00318230,1,1/1/2016,,Budget and Date Change,47840.64,Dec 31 2016 12:00AM
C-00318270,1,1/13/2016,,Budget and Date Change,10800.00,Dec 31 2016 12:00AM
C-00318270,2,12/12/2016,,Budget and Date Change,10800.00,Dec 31 2017 12:00AM
P-00318054,1,11/30/2015,,Date Change,n/a,Dec 31 2016 12:00AM
S-00318180,1,3/9/2016,RATES,,n/a,n/a
S-00318180,2,10/18/2016,,Budget Update,680000.00,n/a
S-00318180,3,12/31/2016,,Date Change,n/a,Dec 31 2017 12:00AM
P-00318429,1,12/12/2016,,Date Change,n/a,Dec 31 2017 12:00AM
S-00318174,1,8/27/2015,,Budget Update,20000.00,n/a
S-00318174,2,10/31/2016,,Budget and Date Change,45000.00,Oct 31 2018 12:00AM
P-00318110,1,11/4/2015,,Date Change,n/a,Dec 31 2016 12:00AM
P-0318157A,1,1/12/2016,OTHER,,n/a,n/a
P-0318157A,2,12/4/2015,,Date Change,n/a,Dec 14 2016 12:00AM
P-0318157A,3,10/6/2016,,Date Change,n/a,Dec 14 2017 12:00AM
SW-0318190,1,12/22/2015,,Date Change,n/a,Feb  1 2017 12:00AM
P-00318065,01,8/19/2015,,Budget Update,1750.00,n/a
P-00318065,02,12/21/2015,,Date Change,n/a,Dec 21 2015 12:00AM
P-00318065,03,12/17/2015,,Date Change,n/a,Dec 31 2016 12:00AM
C-00318163,1,6/8/2015,REDUCED SOFTWARE AND MAINTENAN,Budget Update,-26145.60,n/a
C-00318163,2,8/13/2015,69.15 TO ACCOUNT FOR TAX INCRS,Budget Update,69.15,n/a
C-00318163,3,12/5/2016,ANNUAL RENEWAL,Budget and Date Change,130826.84,Jan 31 2018 12:00AM
C-00318163,4,12/19/2016,CONTRACT AMENDMENT,Budget Update,60713.00,n/a
S-00318181,1,10/28/2015,,Date Change,n/a,Oct 30 2016 12:00AM
MC-0317984,01,4/17/2015,ADD FIRE RATED DOOR,Budget Update,6504.00,n/a
MC-0317984,02,4/17/2015,ADD 4/0 GROUND CONDUCTORS,Budget Update,7500.00,n/a
MC-0317984,03,4/17/2015,ADD FIRE DEPT FENCING,Budget Update,16000.00,n/a
MC-0317984,04,7/15/2015,DELETE LOAD  SWITCH,Budget Update,-31390.88,n/a
MC-0317984,05,6/12/2015,REMOVE TEMP GENERATOR MONITORI,Budget Update,2000.00,n/a
MC-0317984,06,6/12/2015,REROUTE EXISTING LIFT POWER,Budget Update,10000.00,n/a
MC-0317984,07,6/8/2015,REPLACE 15K 4/0 AWG CABLE,Budget Update,35000.00,n/a
MC-0317984,08,6/10/2015,PROVIDE #6 WIRE GAUGE,Budget Update,5000.00,n/a
MC-0317984,09,6/25/2015,ADD FIRE TAPPING15 KV CABLES V,Budget Update,5000.00,n/a
MC-0317984,10,6/29/2015,FEEDER REPLACEMT SCHEDULE CHAN,Budget Update,833.33,n/a
MC-0317984,11,6/29/2015,REPLACE FRENCH DRAIN FS STALL,Budget Update,5332.17,n/a
MC-0317984,12,7/14/2015,MODIFY PARKING STALLS,Budget Update,3009.09,n/a
MC-0317984,13,8/7/2015,CORRECT PHASE ROTATION  FEEDER,Budget Update,1205.86,n/a
MC-0317984,14,7/15/2015,MODIFY GRADE PARKING AREA,Budget Update,7038.84,n/a
MC-0317984,15,7/16/2015,FA REPLACE MANH. VOLTAGE CABLE,Budget Update,50000.00,n/a
MC-0317984,16,7/31/2015,ADD CONDUIT FOR ART,Budget Update,1413.17,n/a
MC-0317984,17,7/20/2015,FA REPLACE VOLTAGE CABLES,Budget Update,50000.00,n/a
MC-0317984,18,8/14/2015,REMOVE OBSTRUCTION - DUCT BANK,Budget Update,1429.30,n/a
MC-0317984,19,8/14/2015,RECONCILE CO 6,Budget Update,-1532.93,n/a
MC-0317984,20,8/25/2015,RECONCILE CO 7,Budget Update,-1761.71,n/a
MC-0317984,21,8/25/2015,RECONCILE CO 8,Budget Update,-4802.27,n/a
MC-0317984,22,9/18/2015,REPAIR EXISTING FENCE,Budget Update,-3791.59,n/a
MC-0317984,23,9/18/2015,RECONCILE CO 2,Budget Update,-2415.33,n/a
MC-0317984,24,10/2/2015,FA  CORRECT FUSE,Budget Update,5000.00,n/a
MC-0317984,25,11/11/2015,EXTEND 30 DAYS,,n/a,n/a
MC-0317984,12,1,2,,,
MC-0317984,1,2,,,,
P-00318132,1,10/21/2015,,Date Change,n/a,Oct 23 2016 12:00AM
P-00317970,2,3/25/2015,ADDED 4 POSITIONS,,n/a,n/a
P-00317970,3,5/14/2015,ADD STAFF,,n/a,n/a
SW-0318079,001,12/3/2014,,,n/a,n/a
SW-0318079,2,10/5/2015,,Date Change,n/a,Apr 14 2016 12:00AM
SW-0318079,3,4/15/2016,,Date Change,n/a,Jun 30 2016 12:00AM
SW-0318100,001,10/19/2015,,Date Change,n/a,Oct 22 2016 12:00AM
SW-0318100,02,11/13/2015,PREVAILING WAGES,,n/a,n/a
I-00318306,1,3/19/2015,NO TERM DATE/NO VALUE CONTRACT,Date Change,n/a,Dec 31 2015 12:00AM
S-00318124,1,9/4/2015,,Date Change,n/a,Oct  5 2016 12:00AM
S-00318124,2,12/1/2016,,Date Change,n/a,Oct  5 2017 12:00AM
S-00318123,1,9/4/2015,,Date Change,n/a,Oct  5 2016 12:00AM
S-00318123,2,6/17/2016,,Budget Update,230000.00,n/a
S-00318123,3,12/1/2016,,Budget and Date Change,295000.00,Oct  5 2017 12:00AM
P-00318084,1,12/1/2015,,Date Change,n/a,Dec 31 2016 12:00AM
L-00318158,1,12/11/2014,,Budget Update,50000.00,n/a
L-00318158,2,11/4/2015,"NEW NTE $157,000.00",Budget Update,40000.00,n/a
L-00318158,3,5/20/2016,"NEW NTE# 19,0000.00",Budget Update,33000.00,n/a
L-00318158,4,6/7/2016,"NEW NTE $207,000.00",Budget Update,17000.00,n/a
L-00318158,5,1/4/2017,,Date Change,n/a,Dec 31 2017 12:00AM
SW-0318037,001,3/31/2015,INCREASE AREA OF RESPONSIBILTY,,n/a,n/a
SW-0318037,002,5/26/2015,INCREASE AREA OF RESPONSIBILTY,,n/a,n/a
SW-0318037,003,9/17/2015,,Date Change,n/a,Sep 29 2015 12:00AM
P-00317583,1,9/24/2015,,Date Change,n/a,Sep 24 2016 12:00AM
C-00318118,1,6/29/2015,,Budget Update,31200.00,n/a
C-00318118,2,1/29/2016,,Budget Update,112000.00,n/a
C-00318118,3,6/13/2016,,Budget Update,36000.00,n/a
C-00318118,4,7/15/2016,AMENDMENT 4,Budget Update,3600.00,n/a
C-00318118,5,1/4/2017,AMENDMENT 5,Budget Update,8600.00,n/a
C-00318107,1,8/10/2015,,Budget and Date Change,40618.89,Sep 30 2016 12:00AM
C-00318107,2,8/12/2016,,Budget and Date Change,41228.18,Sep 30 2017 12:00AM
C-00318107,3,10/4/2016,,Date Change,n/a,Sep 30 2017 12:00AM
S-00318105,1,1/6/2016,,Date Change,n/a,Aug 29 2016 12:00AM
L-00318173,1,12/31/2014,,Budget Update,6500.00,n/a
L-00318173,2,1/4/2017,,Date Change,n/a,Dec 31 2017 12:00AM
P-00317956,1,7/7/2015,,Date Change,n/a,Aug  5 2016 12:00AM
P-00317956,2,7/7/2015,,Date Change,n/a,Aug  5 2016 12:00AM
P-00317956,3,2/2/2016,RATE INCREASE AND STAFFING CHA,,n/a,n/a
P-00317956,4,6/8/2016,ADD SUBS UPDATE D,Date Change,n/a,Aug  5 2017 12:00AM
P-00317956,5,7/19/2016,ADD STAFF,,n/a,n/a
P-00317956,6,9/7/2016,ADD STAFF,,n/a,n/a
P-00317956,7,11/21/2016,ADD STAFF,,n/a,n/a
SW-0317960,001,8/24/2015,,Date Change,n/a,Sep  1 2016 12:00AM
P-00318092,1,1/22/2016,ADD STAFF,,n/a,n/a
P-00318092,2,2/8/2016,ADD STAFF,,n/a,n/a
C-00318096,1,6/3/2015,,Date Change,n/a,Aug 26 2016 12:00AM
C-00318096,2,2/8/2016,MAINTENANCE,Budget Update,15320.00,n/a
C-00318096,3,5/4/2016,CHANGED DATE TO MATCH YR 1 MNT,,n/a,n/a
P-00317957,1,11/25/2014,ADDED 2 SUBCONSULTANTS & RATES,,n/a,n/a
P-00317957,2,6/17/2015,,Date Change,n/a,Jul 31 2016 12:00AM
MC-0317892,01,12/16/2014,UPRR PROTECTIVE SERVICES,Budget Update,50000.00,n/a
MC-0317892,02,12/16/2014,MH MODIFICATIONS,Budget Update,20472.32,n/a
MC-0317892,03,12/16/2014,ARGO ROAD MODIFICATIONS,Budget Update,13120.00,n/a
MC-0317892,04,12/16/2014,STORMWATER MANAGEMENT,Budget Update,40000.00,n/a
MC-0317892,05,12/15/2014,STORM REDESIGN,Budget Update,25000.00,n/a
MC-0317892,06,12/16/2014,UNFORSEEN FOUNDATION,Budget Update,5000.00,n/a
MC-0317892,07,1/12/2015,CDF @ SWV,Budget Update,5197.00,n/a
MC-0317892,08,1/12/2015,WATER VAULT REMOVAL,Budget Update,10000.00,n/a
MC-0317892,09,1/29/2015,FIRE HYDRANT REPLACEMENT,Budget Update,4968.31,n/a
MC-0317892,10,1/29/2015,STORM INSPECTION,Budget Update,4694.88,n/a
MC-0317892,11,1/28/2015,SITE RESTORATION,Budget Update,15000.00,n/a
MC-0317892,12,2/19/2015,RECONCILE CO 05,Budget Update,4250.00,n/a
MC-0317892,13,2/26/2015,UNFORSEEN SUBSURFACE OBSTRUCTI,Budget Update,15000.00,n/a
MC-0317892,14,2/26/2015,MODIFY IMPACT ATTENUATORS,Budget Update,19540.08,n/a
MC-0317892,15,3/24/2015,,Budget Update,11433.00,n/a
MC-0317892,16,3/24/2015,,Budget Update,5260.00,n/a
MC-0317892,17,3/3/2015,REMOVE REPLACE UNSUITABEL SOIL,Budget Update,17500.00,n/a
MC-0317892,18,3/24/2015,RECONCILE CO 8,Budget Update,-5469.70,n/a
MC-0317892,19,3/24/2015,RECONCILE CO 6,Budget Update,-3155.44,n/a
MC-0317892,20,3/24/2015,,Budget Update,-6061.02,n/a
MC-0317892,21,4/2/2015,,Budget Update,14687.46,n/a
MC-0317892,22,4/21/2015,,Budget Update,5500.00,n/a
MC-0317892,23,4/21/2015,,Budget Update,-12280.36,n/a
MC-0317892,24,4/21/2015,,Budget Update,-30801.85,n/a
MC-0317892,25,4/21/2015,,Budget Update,-7992.50,n/a
MC-0317892,12,1,2,,,
MC-0317892,1,2,,,,
P-00317980,1,11/25/2014,,Date Change,n/a,Jul 27 2016 12:00AM
P-00317883,1,7/17/2015,,Date Change,n/a,Jul 17 2016 12:00AM
P-00317883,2,7/17/2015,,Date Change,n/a,Jul 17 2016 12:00AM
P-00317883,3,7/15/2016,,Date Change,n/a,Jul 17 2017 12:00AM
P-00317946,1,10/10/2014,REVISED UNIT PRICING TABLE,,n/a,n/a
C-00317830,1,7/1/2014,,Budget and Date Change,15780.00,Jun 30 2015 12:00AM
C-00317830,2,7/30/2015,,Budget and Date Change,17101.44,Jun 30 2016 12:00AM
C-00317830,3,1/1/2016,ADDING TOTAL VIEW SERVICE,Budget and Date Change,7200.00,Jan 31 2016 12:00AM
C-00317830,4,7/1/2016,,Budget and Date Change,25500.00,Jun 30 2017 12:00AM
L-00318170,1,10/29/2015,"NEW NTE $10,500.00",Budget Update,500.00,n/a
L-00318170,2,12/23/2015,"NEW NTE $15,000.00",Budget Update,4500.00,n/a
L-00318170,3,5/6/2016,"NEW NTE $23500,00",Budget Update,8500.00,n/a
L-00318170,4,1/4/2017,,Date Change,n/a,Dec 31 2017 12:00AM
SW-0318051,1,9/8/2015,,Date Change,n/a,Sep 16 2016 12:00AM
L-00318055,1,7/1/2015,,Budget Update,10000.00,n/a
L-00318055,2,1/3/2017,,Date Change,n/a,Jun 22 2017 12:00AM
P-00317945,1,3/31/2015,,Date Change,n/a,Jun 19 2016 12:00AM
P-00317945,2,2/1/2016,,Date Change,n/a,Jun 19 2017 12:00AM
L-00318075,1,11/20/2014,,Budget Update,5000.00,n/a
L-00318075,2,10/21/2015,"NEW NTE $25,200.00",Budget Update,15200.00,n/a
L-00318075,3,8/12/2016,"NEW NTE $15,000.00",Budget Update,-10200.00,n/a
L-00318075,4,1/4/2017,,Date Change,n/a,Dec 31 2017 12:00AM
P-00318029,1,2/4/2015,,Date Change,n/a,Jun  3 2016 12:00AM
P-00318029,2,1/13/2016,,Date Change,n/a,Jun  3 2017 12:00AM
SW-0317991,01,5/29/2015,,Date Change,n/a,Dec 29 2016 12:00AM
SW-0317991,02,5/12/2015,RATE INCREASE,,n/a,n/a
P-00318018,1,5/1/2015,,Date Change,n/a,May 27 2016 12:00AM
MC-0317799,2,3/30/2015,,Budget Update,36413.41,n/a
MC-0317799,3,3/30/2015,,Budget Update,1813.81,n/a
SW-0317969,001,5/6/2015,,Date Change,n/a,May 11 2016 12:00AM
L-00318033,1,1/4/2017,,Date Change,n/a,Dec 31 2017 12:00AM
P-00317881,1,5/5/2015,ATTACHMENT B - BILLING RATES,,n/a,n/a
P-00317881,2,9/28/2015,ATTACHMENT B - BILLING RATES,,n/a,n/a
P-00317881,3,10/19/2016,ATTACHMENT B REPLACED,,n/a,n/a
MC-0317807,1,3/14/2016,,Date Change,n/a,Sep 30 2016 12:00AM
S-00317987,1,3/31/2015,,Date Change,n/a,Mar 31 2016 12:00AM
S-00317987,2,3/31/2016,,Date Change,n/a,Mar 31 2017 12:00AM
L-00318101,1,12/15/2014,,Budget Update,75000.00,n/a
L-00318101,2,4/17/2015,"REF# 2571 NET $375,000.00",Budget Update,200000.00,n/a
L-00318101,3,7/23/2015,"NEW NTE $500,000.00",Budget Update,125000.00,n/a
L-00318101,4,1/4/2017,,Date Change,n/a,Dec 31 2017 12:00AM
MC-0317777,1,8/13/2014,,Budget Update,10359.38,n/a
MC-0317777,10,8/8/2016,CLAIM SETTLEMENT,Budget and Date Change,125000.00,May  7 2015 12:00AM
MC-0317777,2,7/14/2014,,Budget Update,10000.00,n/a
MC-0317777,3,9/24/2014,,Budget Update,2032.00,n/a
MC-0317777,4,1/6/2015,,Budget Update,250000.00,n/a
MC-0317777,5,1/7/2015,,Budget Update,10600.00,n/a
MC-0317777,6,6/30/2015,CO 5 RECONCILIATION,Budget Update,-5828.64,n/a
MC-0317777,7,6/30/2015,BID ITEM 25 RECONCILIATION,Budget Update,-14051.45,n/a
MC-0317777,8,6/30/2015,CO 2 RECONCILIATION,Budget Update,-3847.69,n/a
MC-0317777,9,12/17/2015,RECONCILE CO4,Budget and Date Change,172381.19,Apr  3 2015 12:00AM
MC-0317731,1,8/13/2014,ELECTRICAL INVESTIGATION,Budget Update,40000.00,n/a
MC-0317731,10,11/17/2014,"MISC, NTE",Budget Update,94000.00,n/a
MC-0317731,11,11/24/2014,HIGH SPEED DIVERTERS,Budget Update,58002.00,n/a
MC-0317731,12,12/16/2014,RMM ROOM RELOCATION,Budget Update,120000.00,n/a
MC-0317731,13,1/14/2015,SUPERVISION/CRAFT REV PHASING,Budget Update,100000.00,n/a
MC-0317731,14,1/20/2015,PHOTO EYES/EMERGENCY STOPS,Budget Update,44000.00,n/a
MC-0317731,15,2/25/2015,HSD CONVERSION TO PUSHER,Budget Update,1378.00,n/a
MC-0317731,16,2/12/2015,TOP OF BED ELEVATION,Budget Update,14000.00,n/a
MC-0317731,17,3/6/2015,SINGLE MODE FIBER,Budget Update,7843.00,n/a
MC-0317731,18,3/3/2015,ACCEKERATUUIB SUPPORT PHASING,Budget Update,250000.00,n/a
MC-0317731,19,3/10/2015,ATR REPLACEMENT,Budget Update,165000.00,n/a
MC-0317731,2,8/13/2014,A/C RATING FOR PANELS,Budget Update,7602.00,n/a
MC-0317731,20,3/17/2015,C92 TX1 BAG DIVERT,Budget Update,10000.00,n/a
MC-0317731,21,3/31/2015,LAYOUT MATERIALS/EQUIPMENT,Budget Update,40000.00,n/a
MC-0317731,22,3/30/2015,BHS EQUIP CATWALK PLAN,Budget Update,24000.00,n/a
MC-0317731,23,4/1/2015,REVISE TURN DRIVE FEED,Budget Update,482.00,n/a
MC-0317731,24,4/7/2015,NTE CONTROLS EXT'G CONVEYOR,Budget Update,32000.00,n/a
MC-0317731,25,4/7/2015,RECONCILE CO 16,Budget Update,6202.00,n/a
MC-0317731,26,4/7/2015,"NTE, FIREPROOF PER ABD",Budget Update,12000.00,n/a
MC-0317731,27,4/21/2015,CCTV CAMERA POSITIONING,Budget Update,4042.00,n/a
MC-0317731,28,4/21/2015,C92 PLC CONTROL SEPARATION,Budget Update,2726.00,n/a
MC-0317731,29,4/27/2015,PANEL SHIPPING,Budget Update,4790.00,n/a
MC-0317731,3,8/19/2014,RMM LOCATION,Budget Update,160000.00,n/a
MC-0317731,30,4/27/2015,LOWER HEAD MODIFICATION,Budget Update,9191.00,n/a
MC-0317731,31,4/27/2015,PULL DOWN LADDERS AT PIER PNL,Budget Update,10000.00,n/a
MC-0317731,1234,1,2,3,4,
MC-0317731,1,2,3,4,,
MC-0317730,01,7/31/2014,REPLACE 40 PCV CONDUIT,Budget Update,1000.00,n/a
MC-0317730,02,8/5/2014,ADD SPEC 07813-CEMENT. FIREPRO,,n/a,n/a
MC-0317730,03,8/26/2014,ADD NEW SPEC S 01631,Budget Update,1000.00,n/a
MC-0317730,04,10/16/2014,ADD SECURITY BARRIERS,Budget Update,11729.00,n/a
MC-0317730,05,10/17/2014,"REVISED 14220,14250,A7.00,A7.0",Budget Update,9956.00,n/a
MC-0317730,10,2/3/2015,ADD ELEVATOR FIRE EMERGENCY SI,Budget Update,7468.00,n/a
MC-0317730,11,2/3/2015,APPLY FIRESTOPPING,Budget Update,1000.00,n/a
MC-0317730,12,2/3/2015,REMOVE CABLES THROUGH ROOF VEN,Budget Update,2000.00,n/a
MC-0317730,13,4/10/2015,NEW SUBSTANTIAL COMPL DATE,Date Change,n/a,May 31 2016 12:00AM
MC-0317730,14,4/3/2015,REVISE SECURITY CAMERAS,Budget Update,12200.00,n/a
MC-0317730,15,4/3/2015,ADD 15A LIGHTING BREAKERS,Budget Update,1000.00,n/a
MC-0317730,16,4/14/2015,FINAL AMT CO 1,Budget Update,-328.00,n/a
MC-0317730,17,4/14/2015,"SAWCUT SSAF SLAB,REMOVE TILE",Budget Update,6000.00,n/a
MC-0317730,18,4/14/2015,INSTALL HOLLOW METAL DOOR SSAF,Budget Update,3433.00,n/a
MC-0317730,19,4/22/2015,"UPDATED ES1.12.04 , ES2.12.01",,n/a,n/a
MC-0317730,20,5/12/2015,REMOVE OR RELOCATE PIPING IN W,Budget Update,2244.00,n/a
MC-0317730,21,6/3/2015,MT 7 ABATEMENT ACM,Budget Update,5000.00,n/a
MC-0317730,22,7/10/2015,REROUTE SCHS ELEVATOR D,Budget Update,10000.00,n/a
MC-0317730,23,7/10/2015,"REPLACE MT2, 6,7  COMM PATCH P",Budget Update,1100.00,n/a
MC-0317730,24,7/23/2015,ELECTRICAL REVISIONS  PANELS,Budget Update,7300.00,n/a
MC-0317730,25,8/28/2015,ADD BREAKERS CIRCUIT CONTROLER,Budget Update,2000.00,n/a
MC-0317730,26,9/2/2015,INVESTIGATE SPACE  CONDUIT,Budget Update,2800.00,n/a
MC-0317730,27,9/8/2015,REVISE ESCALATOR STAIRS,Budget Update,3462.00,n/a
MC-0317730,28,9/8/2015,RECONCILE CO 12,Budget Update,-1512.77,n/a
MC-0317730,29,9/9/2015,RELOCATE CONDUIT,Budget Update,403.00,n/a
MC-0317730,1234,1,2,3,4,
MC-0317730,1,2,3,4,,
S-00317988,1,3/31/2015,,Date Change,n/a,Mar 31 2016 12:00AM
S-00317988,2,3/31/2016,,Date Change,n/a,Mar 31 2017 12:00AM
S-00318000,1,3/25/2015,AUTO RENEWAL,Budget and Date Change,2081.98,Mar 24 2016 12:00AM
S-00318000,2,3/24/2016,AUTO RENEWAL,Budget and Date Change,24000.00,Mar 24 2018 12:00AM
S-00318001,1,3/25/2015,AUTO RENEWAL,Budget and Date Change,15000.00,Mar 24 2016 12:00AM
S-00318001,2,3/24/2016,AUTO RENEWAL,Budget and Date Change,25000.00,Mar 24 2017 12:00AM
SW-0317869,001,1/29/2015,,Date Change,n/a,Sep 18 2015 12:00AM
P-00317719,1,3/29/2016,ADD SUB,,n/a,n/a
L-00317976,1,1/29/2015,,Budget Update,7000.00,n/a
L-00317976,2,6/23/2016,"NEW NTE $20,000.00",Budget Update,5500.00,n/a
L-00317976,3,1/3/2017,,Date Change,n/a,Dec 31 2017 12:00AM
L-00318019,1,6/5/2014,,Budget Update,5000.00,n/a
L-00318019,2,7/10/2014,,Budget Update,5000.00,n/a
L-00318019,3,1/25/2016,"NEW NTE $40,000.00",Budget Update,20000.00,n/a
L-00318019,4,9/28/2016,"NEW NTE $90,000",Budget Update,50000.00,n/a
L-00318019,5,12/9/2016,"NEW NTE $165,000",Budget Update,75000.00,n/a
L-00318019,6,1/4/2017,,Date Change,n/a,Dec 31 2017 12:00AM
P-00317563,1,2/23/2015,,Date Change,n/a,Feb 23 2016 12:00AM
MC-0317586,1,5/21/2014,FIX INCORRECT CONTR TIME CALC,,n/a,n/a
MC-0317586,10,5/5/2015,REMOVE UNCRUSHED ASPH & CONC,Budget Update,10500.00,n/a
MC-0317586,11,5/14/2015,2 MINOR MISC  NO COST CHANGES,,n/a,n/a
MC-0317586,12,5/7/2015,VINYL COAT SAFETY FENCE,Budget Update,600.00,n/a
MC-0317586,13,6/1/2015,PAVEMENT RESTORATION,Budget Update,5000.00,n/a
MC-0317586,2,7/30/2014,FENCING AND CLEAN MH,Budget Update,-1061.72,n/a
MC-0317586,3,9/27/2014,REMOVE HARDENED CONC,Budget Update,8948.90,n/a
MC-0317586,4,10/27/2014,"2"" MANHOLE RISER",Budget Update,610.61,n/a
MC-0317586,5,10/27/2014,REVISE TOP SLAB OF WATER QV,Budget Update,1508.40,n/a
MC-0317586,6,10/24/2014,RELOCATE OWS AND WQV,,n/a,n/a
MC-0317586,7,12/18/2014,NEW STORM PIPE AND MANHOLE,Budget Update,88706.15,n/a
MC-0317586,8,2/16/2015,DELETE BID ITEM 96,Budget Update,-45725.00,n/a
MC-0317586,9,4/21/2015,INSTALL ELEC & COMM CONDUITS,Budget Update,19838.19,n/a
P-00317841,1,7/23/2014,,Date Change,n/a,Sep 30 2016 12:00AM
P-00317788,3,1/5/2015,,Date Change,n/a,Feb  5 2016 12:00AM
P-00317788,4,5/11/2015,,Date Change,n/a,Feb  5 2016 12:00AM
P-00317944,1,3/31/2015,,Date Change,n/a,Jun 19 2016 12:00AM
C-00317927,1,7/29/2015,"CO4 TO CONTRACT, SCOPE & HOURS",,n/a,n/a
S-00318036,1,5/4/2016,ADD'L 6 ELECTRICAL CIRCUITS,Budget Update,54000.00,n/a
P-00317641,1,7/28/2014,ADD GEOTECH SUBCONSULTANT,,n/a,n/a
P-00317641,10,1/6/2017,,Budget Update,3500000.00,n/a
P-00317641,2,10/20/2014,ADD 2 NEW JOB CLASSIFICATIONS,,n/a,n/a
P-00317641,3,2/3/2015,ANNUAL RATE INCREASE,,n/a,n/a
P-00317641,4,5/20/2015,FEE SCHED  CHANGE SUB NAME,,n/a,n/a
P-00317641,5,7/30/2015,ADD STAFF CHANGE SUB NAME,,n/a,n/a
P-00317641,6,3/21/2016,ANNUAL RATE INCREASE,,n/a,n/a
P-00317641,7,3/23/2016,,Budget Update,6000000.00,n/a
P-00317641,8,6/25/2016,ADD RATE CATEGORY,,n/a,n/a
P-00317641,9,8/11/2016,ADD SUB,,n/a,n/a
P-0316523A,1,1/27/2014,CONSULTANT NAME CHANGE,,n/a,n/a
P-0316523A,2,11/21/2014,,Date Change,n/a,Apr  8 2016 12:00AM
P-0316523A,3,2/1/2016,,Date Change,n/a,Apr  8 2017 12:00AM
MC-0317700,1,10/24/2014,POWER METER + OIL WATER SEP,Budget Update,46487.04,n/a
MC-0317700,10,3/18/2015,EMERGENCY SHUT OFF SWITCHES,Budget Update,67866.33,n/a
MC-0317700,11,5/8/2015,E-190 + E-125 GATE IMPROV,Budget Update,60801.63,n/a
MC-0317700,12,5/8/2015,E-190 DOOR,Budget Update,1463.86,n/a
MC-0317700,13,10/30/2015,CONDUIT AND CIRCUITS,Budget Update,25710.00,n/a
MC-0317700,14,10/21/2015,DELETED COMMUNICATION MATERIAL,Budget Update,-38140.25,n/a
MC-0317700,15,10/30/2015,DETECTION LOOP/ CAMERA/ROOF,Budget Update,8500.00,n/a
MC-0317700,16,10/30/2015,FUEL VAULT/PATCH PANELS,Budget Update,37475.84,n/a
MC-0317700,17,12/14/2015,PHOTO EYE SENSORS,Budget Update,5375.81,n/a
MC-0317700,18,12/14/2015,"COMMISSION, PHENOLIC LABLES, C",Budget Update,27192.46,n/a
MC-0317700,19,2/12/2016,MODIFY 60HZ RECEPTACLE,Budget Update,19300.44,n/a
MC-0317700,2,10/31/2014,SURGE SUPPRESSOR + VAULT,Budget Update,131000.00,n/a
MC-0317700,20,2/12/2016,"8"" DI, ELEC CABLE, COM ENCLSUR",Budget Update,22540.98,n/a
MC-0317700,21,2/12/2016,"ELEC DUCTBANK, ELEC STRUC,",Budget Update,48694.90,n/a
MC-0317700,22,2/12/2016,RECONCILE FORCE ACCOUNT,Budget Update,-420000.00,n/a
MC-0317700,23,5/24/2016,OVERHEAD FOR DELAYS,Budget and Date Change,265000.00,Sep 22 2015 12:00AM
MC-0317700,24,5/23/2016,LABOR INCREASE FOR CARP/CM/LAB,Budget Update,48028.82,n/a
MC-0317700,3,12/1/2014,SAWCUT CONCRETE + MISC,Budget Update,11014.06,n/a
MC-0317700,4,3/3/2015,"ASPHALT, MAN-GATE, TESTING",Budget Update,9010.61,n/a
MC-0317700,5,3/3/2015,MULTIPLE SCOPE ITEMS,Budget Update,12142.26,n/a
MC-0317700,6,3/10/2015,MODIFY FUEL BYPASS SYSTEM,Budget Update,180875.56,n/a
MC-0317700,7,3/3/2015,RECONCILE CHANGE ORDER 02.,Budget Update,68683.63,n/a
MC-0317700,8,3/19/2015,"GRADING, PILE WALL, ENCLOSURE",Budget Update,86000.00,n/a
MC-0317700,9,3/18/2015,MODIFY GUARD SHELTER,Budget Update,57181.83,n/a
C-00317916,1,1/15/2016,,Date Change,n/a,Dec 31 2016 12:00AM
C-00317916,2,11/10/2016,ADD'T FUNDS FOR LATE CHRGS,Budget Update,43.40,n/a
I-00318053,1,12/29/2014,2015 WORKPLAN,Budget Update,211419.00,n/a
S-00317924,1,10/15/2015,,Budget Update,5000.00,n/a
S-00317924,2,1/5/2016,,Date Change,n/a,Dec 31 2016 12:00AM
S-00317924,3,4/13/2016,,Budget Update,15000.00,n/a
I-00317929,1,10/8/2014,,Budget and Date Change,1361000.00,Dec 31 2015 12:00AM
I-00317929,2,7/29/2015,,Budget and Date Change,712000.00,Mar 31 2016 12:00AM
I-00317929,3,3/4/2016,,Budget and Date Change,90000.00,Mar 31 2017 12:00AM
P-00317647,1,3/6/2014,REVISED ATTACH B FEE SCHED,,n/a,n/a
P-00317647,2,12/1/2014,REV. B -ADD ROLAND REMOVE SHEN,,n/a,n/a
S-00317877,1,9/15/2015,,Budget Update,25000.00,n/a
S-00317877,2,11/10/2015,,Budget Update,25000.00,n/a
S-00317877,3,1/12/2017,,Budget and Date Change,100000.00,Dec 31 2017 12:00AM
L-00317938,1,3/12/2014,,Budget Update,2581.00,n/a
L-00317938,2,9/11/2014,,Date Change,n/a,Dec 31 2018 12:00AM
L-00317938,3,12/23/2015,NEW NTE $7000,Budget Update,2000.00,n/a
P-00317740,1,4/28/2014,ADD A POSITION TITLE,,n/a,n/a
P-00317740,10,3/11/2015,ADDED POSITIONS AND RATE INC,,n/a,n/a
P-00317740,11,4/1/2015,STAFF,,n/a,n/a
P-00317740,12,5/5/2015,STAFF,,n/a,n/a
P-00317740,2,5/20/2014,ADDED 2 POSITION TITLES,,n/a,n/a
P-00317740,3,5/30/2014,"CHANGED PORT PM, ADDED SUBS",,n/a,n/a
P-00317740,4,6/27/2014,ADD SUBCONSULTANT,,n/a,n/a
P-00317740,5,7/8/2014,ADDED JOB POSITION TO CONTRACT,,n/a,n/a
P-00317740,6,9/16/2014,ADD BIM SPECIALIST TO CONTRACT,,n/a,n/a
P-00317740,7,1/9/2015,ADDED STAFF,,n/a,n/a
P-00317740,8,11/20/2014,ADDED 3 STAFF/POSITIONS,,n/a,n/a
P-00317740,9,12/29/2014,ADDED STAFF,,n/a,n/a
L-00318006,1,11/9/2016,NEW NTE $5500.00,Budget Update,5000.00,n/a
L-00318006,2,1/3/2017,,Date Change,n/a,Dec 31 2017 12:00AM
S-00317871,1,12/16/2014,,Date Change,n/a,Nov 25 2015 12:00AM
S-00317871,2,1/6/2016,,Date Change,n/a,Nov 25 2016 12:00AM
S-00317871,3,1/13/2017,,Date Change,n/a,Nov 26 2017 12:00AM
S-00317836,1,10/29/2015,,Date Change,n/a,Oct 31 2016 12:00AM
S-00317836,2,10/31/2016,,Date Change,n/a,Oct 31 2018 12:00AM
S-00317865,1,3/12/2015,,Date Change,n/a,Oct 25 2015 12:00AM
S-00317865,2,8/11/2015,,Date Change,n/a,Oct 24 2016 12:00AM
S-00317842,1,2/10/2015,,Budget Update,25000.00,n/a
S-00317842,2,12/16/2016,,Budget and Date Change,25000.00,Dec 16 2016 12:00AM
SW-0317817,001,11/25/2014,,Date Change,n/a,Nov 25 2015 12:00AM
P-00317810,1,9/29/2014,,Date Change,n/a,Oct 14 2015 12:00AM
P-00317810,2,10/7/2015,,Date Change,n/a,Oct 14 2016 12:00AM
MC-0317593,1,12/17/2013,POTHOLE FOR SANITARY SEWER,Budget Update,10000.00,n/a
MC-0317593,10,7/1/2014,COMMUNICATION CONDUIT,Budget Update,10000.00,n/a
MC-0317593,11,7/2/2014,INSTALL BOLLARDS,Budget Update,10000.00,n/a
MC-0317593,12,7/16/2014,"ILLUM. POLE, CASHIER BOOTH",Budget Update,2802.92,n/a
MC-0317593,13,7/16/2014,ADJUST/DEMO UTILITIES,Budget Update,10000.00,n/a
MC-0317593,14,8/6/2014,170TH ST. WATER/COMM CROSSING,Budget Update,80000.00,n/a
MC-0317593,15,8/21/2014,UPGRADE MODULAR MAIN BREAKER,Budget Update,418.49,n/a
MC-0317593,16,8/19/2014,170TH POWER CONDUIT REPLACE,Budget Update,71000.00,n/a
MC-0317593,17,9/26/2014,CELL INNERDUCT,Budget Update,2200.00,n/a
MC-0317593,18,10/9/2014,DELETE PHASING TIME/LDS,,n/a,n/a
MC-0317593,19,10/9/2014,PORT FIBER COMMUNICATION,Budget Update,15000.00,n/a
MC-0317593,2,1/30/2014,ELECTRICAL/UTILITY IMPROVEMENT,Budget Update,50000.00,n/a
MC-0317593,20,10/20/2014,CB 36 POWER TO CAMERA.  NTE,Budget Update,5000.00,n/a
MC-0317593,21,11/6/2014,RECONCILE CO #04,Budget Update,-3620.43,n/a
MC-0317593,22,11/21/2014,PARKING POWER & COMMUNICATIO,Budget Update,13006.00,n/a
MC-0317593,23,12/15/2014,MODULAR/FIRE ALARM/HARDWARE,Budget Update,-36243.04,n/a
MC-0317593,24,12/11/2014,170TH STREET UTILITY CHANGES,Budget Update,7191.57,n/a
MC-0317593,25,12/30/2014,L & I REVIEW DELAY,,n/a,n/a
MC-0317593,26,1/25/2015,INCREASE SIZE HAND HOLE,Budget Update,1000.00,n/a
MC-0317593,27,2/26/2015,"DRAIN,POLE, ROOFING",,n/a,n/a
MC-0317593,28,2/13/2015,CHANNEL DRAIN BERMS,Budget Update,1000.00,n/a
MC-0317593,29,2/13/2015,FACILITY COMMUNICATION CABNET,Budget Update,2000.00,n/a
MC-0317593,3,2/6/2014,REVISE STORM DRAIN MATERIAL,Budget Update,-36948.67,n/a
MC-0317593,30,2/17/2015,EAST ISLAND FIRE GATE,Budget Update,2000.00,n/a
MC-0317593,31,3/17/2015,RECONCILE CO 02,Budget Update,-41291.34,n/a
MC-0317593,12,1,2,,,
MC-0317593,1,2,,,,
S-00317851,1,10/23/2014,SET-UP FOR P CARD USAGE,Date Change,n/a,Sep 30 2015 12:00AM
S-00317851,2,10/1/2015,,Date Change,n/a,Sep 30 2016 12:00AM
S-00317851,3,9/29/2016,,Date Change,n/a,Aug 31 2017 12:00AM
U-00317820,1,8/11/2014,,Date Change,n/a,Aug 31 2015 12:00AM
U-00317821,1,8/11/2014,,Date Change,n/a,Aug 31 2015 12:00AM
U-00317826,1,8/11/2014,,Date Change,n/a,Aug 31 2015 12:00AM
U-00317835,1,8/15/2014,,Date Change,n/a,Aug 31 2015 12:00AM
U-00317835,2,8/31/2015,,Date Change,n/a,Aug 31 2017 12:00AM
U-00317833,1,8/11/2014,,Date Change,n/a,Aug 31 2015 12:00AM
U-00317845,1,8/11/2014,,Date Change,n/a,Aug 31 2015 12:00AM
U-00317844,1,8/11/2014,,Date Change,n/a,Aug 31 2015 12:00AM
U-00317846,1,8/11/2014,,Date Change,n/a,Aug 31 2015 12:00AM
U-00317848,1,8/11/2014,,Date Change,n/a,Aug 31 2015 12:00AM
P-00317663,3,5/22/2014,,Date Change,n/a,Sep 19 2015 12:00AM
P-00317663,5,5/26/2015,,Date Change,n/a,Sep 19 2016 12:00AM
P-00317580,1,4/10/2014,ADD 3 RATES TO CONTRACT,,n/a,n/a
S-00317787,2,12/21/2016,,Budget Update,350000.00,n/a
SW-0317716,001,8/27/2014,,Date Change,n/a,Aug 29 2015 12:00AM
SW-0317716,002,8/29/2014,ADMIN CHANGE ORDER,,n/a,n/a
P-00317579,1,3/26/2014,ADDED A SUBCONSULTANT,,n/a,n/a
P-00317579,10,8/24/2016,ADD STAFF,,n/a,n/a
P-00317579,2,4/7/2014,CORRECTED END DATE FROM AMEND1,,n/a,n/a
P-00317579,3,5/7/2014,PORT VEHICLE TERMS/CONDITIONS,,n/a,n/a
P-00317579,4,10/30/2014,REVISIONS TO SCHEDULE OF FEES,,n/a,n/a
P-00317579,5,5/7/2015,CHANGE TO INSURANCE REQS,,n/a,n/a
P-00317579,6,5/19/2015,ADD STAFF POSIITON,,n/a,n/a
P-00317579,7,2/29/2016,RATE INCREASE,,n/a,n/a
P-00317579,8,7/13/2016,,Date Change,n/a,Feb 25 2017 12:00AM
P-00317579,9,8/4/2016,ADD STAFF,,n/a,n/a
P-00317664,1,2/14/2014,ADD SUBS FOR CIVIL/STRUCTURAL,,n/a,n/a
P-00317664,2,3/17/2014,ADD SUPPLEMENTAL TERMS,Date Change,n/a,Aug 20 2015 12:00AM
P-00317664,3,5/9/2014,NAME CHANGE OF CONSULTANT,,n/a,n/a
P-00317664,4,5/11/2015,,Date Change,n/a,Aug 20 2016 12:00AM
P-00317664,9,12/23/2015,,Date Change,n/a,May 31 2017 12:00AM
S-00317772,1,8/7/2014,,Date Change,n/a,Aug  9 2014 12:00AM
S-00317772,2,9/14/2015,,Date Change,n/a,Aug  9 2016 12:00AM
S-00317772,3,10/14/2016,,Date Change,n/a,Aug  9 2017 12:00AM
P-00317753,03,12/30/2015,,Date Change,n/a,Dec 31 2016 12:00AM
P-00317753,1,8/10/2015,,Date Change,n/a,Dec 31 2016 12:00AM
S-00317725,1,3/12/2015,,Date Change,n/a,Oct 25 2015 12:00AM
S-00317725,2,8/11/2015,,Date Change,n/a,Oct 25 2016 12:00AM
S-00317780,1,7/31/2014,,Date Change,n/a,Jul 31 2015 12:00AM
S-00317780,2,7/28/2015,,Budget and Date Change,50000.00,Jul 31 2016 12:00AM
S-00317780,3,7/28/2016,,Date Change,n/a,Jul 28 2017 12:00AM
S-00317780,4,10/7/2016,,Budget Update,50000.00,n/a
P-00317615,1,6/2/2014,,Date Change,n/a,Jun  2 2015 12:00AM
P-00317615,2,4/28/2015,,Date Change,n/a,Jun  2 2016 12:00AM
P-00317677,1,5/1/2014,,Date Change,n/a,Jul 25 2015 12:00AM
P-00317326,01,6/18/2013,ADDING SUBCONSULTANT,,n/a,n/a
P-00317326,02,8/30/2013,ADD SUBCONSULTANT,,n/a,n/a
P-00317326,03,10/9/2013,ADD SUBCONSULTANT,,n/a,n/a
P-00317326,04,10/18/2013,ADD SURVEY EXPENSES,,n/a,n/a
P-00317326,05,12/12/2013,ADD SUBCONSULTANT,,n/a,n/a
L-00317839,1,1/23/2014,,Budget Update,20000.00,n/a
L-00317839,2,7/8/2015,"NEW NTE $50,000.00",Budget Update,15000.00,n/a
L-00317839,3,12/29/2015,"NEW NTE $55,000.00",Budget Update,5000.00,n/a
L-00317839,4,1/3/2017,,Date Change,n/a,Dec 31 2017 12:00AM
P-00317481,1,5/6/2014,ADD SUBCONSULTANT ECOCHEM,,n/a,n/a
MC-0317715,1,6/26/2014,CHG MAIN  BREAKER TO SWITCH,Budget Update,-763.00,n/a
MC-0317715,10,10/15/2014,DYNAMIC & STATIC PSSGR SIGNAGE,Budget Update,149021.00,n/a
MC-0317715,11,10/27/2014,REPAIR EXTERIOR ACT GRID,Budget Update,5000.00,n/a
MC-0317715,12,11/10/2014,IWS PIPING AND CB,Budget Update,5467.00,n/a
MC-0317715,13,10/16/2014,,Budget Update,-10308.00,n/a
MC-0317715,14,12/22/2014,,Budget Update,9791.00,n/a
MC-0317715,15,10/27/2014,REPLACE WATERLINE VALVE,Budget Update,2000.00,n/a
MC-0317715,16,12/22/2014,,Budget Update,41319.00,n/a
MC-0317715,17,12/22/2014,ADDITIONAL WORKING FOREMAN,Budget Update,30000.00,n/a
MC-0317715,18,12/9/2014,"HANDRAIL, GATE MODS",Budget Update,2500.00,n/a
MC-0317715,19,12/24/2014,ATTACH CABLE RAIL TO COLUMN,Budget Update,14301.00,n/a
MC-0317715,2,7/23/2014,ELEC DUCTBANK MODS,Budget Update,-25000.00,n/a
MC-0317715,20,1/7/2015,HAND/GUARDRAIL MODS,Budget Update,24578.00,n/a
MC-0317715,21,1/7/2015,"TEMP EFSO, ADMIX; PANEL JOINTS",Budget Update,17965.00,n/a
MC-0317715,22,2/2/2015,SHEET METAL ANGLE,Budget Update,3718.00,n/a
MC-0317715,23,2/2/2015,EXPANSIONJOINTCOVER; DRIP EDGE,Budget Update,10000.00,n/a
MC-0317715,24,2/2/2015,OT PREMIUM AUTHORIZATION,Budget Update,30000.00,n/a
MC-0317715,25,3/9/2015,RFI 102 & 234; TEMP ADA RAMP,Budget Update,6437.00,n/a
MC-0317715,26,3/9/2015,"CB 008, 049 & 047",Budget Update,19089.00,n/a
MC-0317715,27,3/20/2015,MODIFICATIONS; STRUT; STARTERS,Budget Update,1133.00,n/a
MC-0317715,28,2/13/2015,REPL STOREFRON GLAZING SYSTEM,Budget Update,43526.00,n/a
MC-0317715,29,4/2/2015,"RELAYS, CIRCUITS, DETECTORS",Budget Update,36183.00,n/a
MC-0317715,3,7/30/2014,FIRE HYDRANT CHANGES,Budget Update,75000.00,n/a
MC-0317715,30,4/2/2015,MICROPILE,Budget Update,-2168.00,n/a
MC-0317715,31,3/11/2015,CAST IN PLACE CONCRETE,Budget Update,4093.00,n/a
MC-0317715,123,1,2,3,,
MC-0317715,1,2,3,,,
S-00317683,1,12/30/2014,,Date Change,n/a,Dec 30 2014 12:00AM
S-00317683,2,12/28/2015,,Date Change,n/a,Dec 30 2016 12:00AM
S-00317683,3,12/28/2016,,Date Change,n/a,Dec 30 2017 12:00AM
C-00317682,1,12/30/2014,,Date Change,n/a,Dec 30 2015 12:00AM
C-00317682,2,12/28/2015,,Date Change,n/a,Dec 30 2016 12:00AM
C-00317682,3,12/28/2016,,Date Change,n/a,Dec 30 2017 12:00AM
P-00317747,1,1/4/2017,,Date Change,n/a,Dec 31 2017 12:00AM
P-00317480,1,12/24/2013,ADD STAFF TO FEE SCHEDULE,,n/a,n/a
P-00317480,2,6/20/2014,ADD HAZARDOUS MATERIALS SPEC.,,n/a,n/a
S-00317646,1,8/14/2014,,Date Change,n/a,Oct 31 2014 12:00AM
S-00317646,2,8/5/2014,,Date Change,n/a,Mar 31 2016 12:00AM
S-00317646,3,12/29/2015,,Budget Update,25000.00,n/a
S-00317649,1,12/3/2014,,Budget Update,25000.00,n/a
S-00317649,3,4/6/2015,,Budget Update,40000.00,n/a
S-00317649,4,4/13/2016,4/13/16 CHANGED BUYERS,Budget and Date Change,40000.00,Apr 12 2017 12:00AM
P-00317417,1,4/12/2013,REPLACE CIH SUBCONSULTANT,,n/a,n/a
P-00317417,2,6/7/2013,ADD 2 SUBFIRMS TO CONTRACT,,n/a,n/a
P-00317417,3,6/27/2013,ADD VARIOUS SAMPLING METHODS,,n/a,n/a
P-00317417,4,2/19/2014,ADD SUBCONSULTANTS,,n/a,n/a
P-00317417,5,2/19/2014,,Budget Update,1400000.00,n/a
P-00317417,6,9/11/2014,TRUCK RENTAL TO AECOM AS ODC,,n/a,n/a
P-00317417,7,11/24/2015,,Date Change,n/a,Dec 31 2016 12:00AM
P-00317417,8,12/29/2016,,Date Change,n/a,Dec 31 2018 12:00AM
P-00317482,1,7/15/2013,ADD NEW STAFF - SCHED OF FEES,,n/a,n/a
P-00317482,2,10/18/2013,ADD STAFF - SCHEDULE OF FEES,,n/a,n/a
P-00317482,3,3/18/2014,REVISED ATTACHB SCHEDULEOFFEES,,n/a,n/a
S-00317630,1,3/11/2014,,Date Change,n/a,Mar 11 2015 12:00AM
S-00317630,2,4/13/2015,,Date Change,n/a,Mar 11 2016 12:00AM
S-00317630,3,3/31/2016,,Date Change,n/a,Mar 11 2017 12:00AM
P-00317464,1,8/25/2014,ANNL RATE INC & CONTIGENCY CLA,,n/a,n/a
P-00317464,2,10/8/2014,ADD CONCORD ENGINEER,,n/a,n/a
P-00317500,1,1/28/2014,,Date Change,n/a,Feb 24 2015 12:00AM
P-00317500,2,4/4/2014,REVISED SCHEDULE OF FEES,,n/a,n/a
P-00317500,3,1/15/2015,,Date Change,n/a,Feb 24 2016 12:00AM
P-00317500,4,2/29/2016,,Date Change,n/a,Feb 23 2017 12:00AM
S-00317624,1,1/1/2014,,Budget and Date Change,800.00,Dec 31 2014 12:00AM
S-00317624,2,7/10/2014,,Budget Update,11788.00,n/a
S-00317624,3,12/31/2014,,Date Change,n/a,Dec 31 2015 12:00AM
S-00317624,4,1/1/2015,,Date Change,n/a,Dec 31 2015 12:00AM
S-00317624,5,1/1/2016,,Budget and Date Change,8000.00,Dec 31 2016 12:00AM
S-00317624,6,1/26/2016,,Budget Update,836.51,n/a
S-00317624,7,10/7/2016,,Budget Update,20000.00,n/a
P-00317491,01,4/13/2015,,Budget Update,177000.00,n/a
P-00317423,01,1/22/2014,,Date Change,n/a,Jan 22 2016 12:00AM
P-00317423,02,9/10/2014,ADD SUPP CONDITIONS,,n/a,n/a
P-00317423,03,5/7/2015,,Date Change,n/a,Dec 31 2016 12:00AM
P-00317423,04,8/11/2015,ADD SUBCONSULTANT TTI,,n/a,n/a
P-00317423,05,12/16/2016,,Date Change,n/a,Dec 31 2017 12:00AM
P-00317555,01,12/17/2013,DELETE T&C SECTION VIII,,n/a,n/a
P-00317555,02,1/21/2015,,Date Change,n/a,Jan 21 2016 12:00AM
P-00317555,3,1/5/2016,,Date Change,n/a,Jan 21 2017 12:00AM
MC-0317218,1,5/9/2013,ACCEPT USED SHEET PILES,Budget Update,-8400.00,n/a
MC-0317218,10,7/9/2014,RECONCILE CO #6,Budget Update,-71265.27,n/a
MC-0317218,11,7/9/2014,RECONCILE CO #9,Budget Update,-447.30,n/a
MC-0317218,12,7/9/2014,MARINA DOCK REV CONFIGURATION,Budget Update,-8183.80,n/a
MC-0317218,13,3/28/2014,EPOXY COATING OF DEBRIS BARRIE,Budget Update,8212.03,n/a
MC-0317218,14,4/15/2014,ECOLOGY BLOCK RETURN,Budget Update,4400.00,n/a
MC-0317218,15,5/7/2014,DIRECT COSTS WORK SUSPENSION,Budget Update,43000.00,n/a
MC-0317218,16,5/28/2014,EPA REQMT DUCT TAPE WRIST ANKL,Budget Update,20000.00,n/a
MC-0317218,17,8/26/2014,CONT BOOM + SURVEY DREDGE,Budget Update,14235.80,n/a
MC-0317218,18,1/27/2015,AZ26 SHEETPILES,Budget Update,8730.00,n/a
MC-0317218,2,5/9/2013,DELETE PHONE + DATA FOR PORT,Budget Update,-2060.00,n/a
MC-0317218,3,9/4/2013,SURVEY,Budget Update,2278.80,n/a
MC-0317218,4,8/2/2013,UNFORSEEN USTANKS,Budget Update,25000.00,n/a
MC-0317218,5,8/9/2013,BURIED CONTAM WASTE,Budget Update,48000.00,n/a
MC-0317218,6,9/26/2013,REPAIR OF DONOVAN ST,Budget Update,150000.00,n/a
MC-0317218,7,10/24/2013,PLYWOOD BARRIER ON DALLAS AVE,Budget Update,9860.89,n/a
MC-0317218,8,10/24/2013,20K GAL STORAGE TANK W PAD,Budget Update,7500.00,n/a
MC-0317218,9,10/24/2013,SHEETPILE LEAK REPAIR,Budget Update,3000.00,n/a
P-00317627,1,7/25/2013,,Budget Update,5000.00,n/a
P-00317627,2,3/6/2014,,Date Change,n/a,Dec 31 2014 12:00AM
P-00317627,3,4/24/2014,,Budget Update,5000.00,n/a
P-00317627,4,10/20/2014,,Budget Update,9515.20,n/a
P-00317627,5,11/28/2016,"NEW NTE $31,015.20",Budget Update,1500.00,n/a
P-00317627,6,12/13/2016,"NEW NTE $36,015.20",Budget Update,5000.00,n/a
P-00317627,7,1/4/2017,,Date Change,n/a,Dec 31 2017 12:00AM
S-00317429,1,11/14/2012,REQUESTORS,,n/a,n/a
S-00317429,2,10/29/2013,,Date Change,n/a,Nov  8 2014 12:00AM
P-00317231,1,3/11/2013,ADD NEW STAFF TO SCHED OF FEES,,n/a,n/a
P-00317231,10,8/8/2014,ADD NEW STAFF,,n/a,n/a
P-00317231,11,8/22/2014,,Budget and Date Change,27353512.00,Feb 28 2020 12:00AM
P-00317231,12,12/16/2014,ADD/DELETE STAFF,,n/a,n/a
P-00317231,13,1/1/2015,VOID,,n/a,n/a
P-00317231,14,1/15/2015,ADD STAFF,,n/a,n/a
P-00317231,15,2/25/2015,ADD STAFF,,n/a,n/a
P-00317231,16,3/25/2015,ADD STAFF,,n/a,n/a
P-00317231,17,4/21/2015,ADD STAFF,,n/a,n/a
P-00317231,18,6/19/2015,ADD STAFF,,n/a,n/a
P-00317231,19,7/13/2015,ADD STAFF AND RATE INCREASE,,n/a,n/a
P-00317231,2,4/17/2013,REVISE 2 NAMES ON FEE SCHEDULE,,n/a,n/a
P-00317231,20,10/21/2015,,Budget Update,299000.00,n/a
P-00317231,21,12/28/2015,CHANGE FEE SCHED TO CAT,,n/a,n/a
P-00317231,22,4/15/2016,ADD ONE CAT,,n/a,n/a
P-00317231,23,4/15/2016,ADJUST CAT FOR FENTRESS,,n/a,n/a
P-00317231,24,4/15/2016,ADJUST CATS FOR STANTEC,,n/a,n/a
P-00317231,25,7/7/2016,ADD 5 NEW RATE CAT AND 4 STAFF,,n/a,n/a
P-00317231,26,8/24/2016,ADD  4 NEW CAT AND RATE INCREA,,n/a,n/a
P-00317231,27,9/20/2016,ADD ONE CATE,,n/a,n/a
P-00317231,28,10/24/2016,,Budget Update,850799.00,n/a
P-00317231,3,6/17/2013,UPDATE STAFF ON FEE SCHEDULE,,n/a,n/a
P-00317231,4,8/6/2013,ADD-DELETE STAFF ON FEE SCHED.,,n/a,n/a
P-00317231,5,10/30/2013,ADD-DELETE STAFF ON FEE SCHED.,,n/a,n/a
P-00317231,6,11/8/2013,,,n/a,n/a
P-00317231,12,1,2,,,
P-00317231,1,2,,,,
S-00317461,1,10/1/2013,,Date Change,n/a,Oct 31 2014 12:00AM
S-00317461,2,10/31/2014,,Date Change,n/a,Oct 31 2015 12:00AM
S-00317461,3,10/31/2015,,Date Change,n/a,Oct 31 2016 12:00AM
S-00317461,4,11/14/2016,,Date Change,n/a,Oct 31 2017 12:00AM
C-00317496,1,12/19/2012,,Date Change,n/a,May 31 2013 12:00AM
P-00317454,1,12/18/2014,"NTE $10,000",Budget and Date Change,7500.00,Dec 31 2018 12:00AM
S-00317456,1,10/3/2013,,Date Change,n/a,Sep 30 2014 12:00AM
S-00317456,2,9/2/2014,,Date Change,n/a,Sep 30 2015 12:00AM
S-00317456,3,8/10/2015,,Date Change,n/a,Sep 30 2016 12:00AM
S-00317456,4,9/14/2016,,Date Change,n/a,Sep 30 2017 12:00AM
L-00317978,1,1/3/2017,,Date Change,n/a,Dec 31 2017 12:00AM
P-00317353,01,10/25/2012,,Date Change,n/a,Sep 27 2014 12:00AM
P-00317353,04,12/15/2014,CONTINGENCY AND ORDERING PRD,Date Change,n/a,Dec 31 2016 12:00AM
P-00317353,2,5/17/2013,,Date Change,n/a,Sep 26 2015 12:00AM
P-00317353,3,8/12/2014,ADD SUBS,,n/a,n/a
P-00317455,2,12/18/2014,,Budget and Date Change,7500.00,Dec 31 2018 12:00AM
P-00317241,1,3/26/2013,NEW STAFF FOR LOS STUDY,,n/a,n/a
P-00317241,2,4/22/2013,CO0RRECT DAVID DUCKERS NAME,,n/a,n/a
P-00317241,3,7/19/2013,ADD BRANN GREAGER TO FEESCHED,,n/a,n/a
P-00317241,4,2/19/2014,ADD STAFF&ANNL HRLY RATE INCR,,n/a,n/a
P-00317241,5,5/15/2014,ADD JEFF BEER TO FEE SCHEDULE,,n/a,n/a
P-00317241,6,7/28/2014,ADD NEW STAFF,,n/a,n/a
P-00317241,7,1/12/2015,ADDED 1 SCHEDULER,,n/a,n/a
P-00317153,01,2/28/2013,ADD PARAGRAPH D TO SECTION III,,n/a,n/a
P-00317153,02,2/4/2014,"UPDATE FEES, MOD ATTACHMENT F",,n/a,n/a
P-00317153,03,10/30/2014,MODIFY SECTION II,,n/a,n/a
P-00317153,04,10/30/2014,"MODIFY AMEND 02, CIGNA FITBITS",,n/a,n/a
P-00317153,05,1/7/2015,CANCEL CLASSES/CIGNA FITBITS,,n/a,n/a
P-00317153,06,2/18/2015,AMEND BUSINESS ASSOCIATE AGRMT,,n/a,n/a
P-00317153,07,1/12/2016,OTHER,,n/a,n/a
P-00317153,08,12/1/2015,,Date Change,n/a,Dec 31 2016 12:00AM
S-00317449,1,10/1/2013,,Date Change,n/a,Dec 31 2013 12:00AM
S-00317449,2,12/18/2013,,Date Change,n/a,Dec 31 2014 12:00AM
S-00317449,3,12/30/2014,,Date Change,n/a,Dec 31 2015 12:00AM
S-00317449,4,1/6/2016,,Date Change,n/a,Dec 31 2016 12:00AM
S-00317449,5,12/28/2016,,Date Change,n/a,Dec 31 2017 12:00AM
P-00317475,1,1/27/2014,,Date Change,n/a,Dec 31 2014 12:00AM
P-00317475,2,9/18/2015,"20,000.00",Budget Update,5000.00,n/a
P-00317475,3,1/4/2017,,Date Change,n/a,Dec 31 2017 12:00AM
S-00317338,1,3/13/2013,,Date Change,n/a,Mar 31 2014 12:00AM
S-00317338,2,9/24/2013,,Budget Update,200000.00,n/a
S-00317338,3,3/31/2014,,Date Change,n/a,Mar 31 2015 12:00AM
S-00317339,1,3/13/2013,,Date Change,n/a,Mar 31 2014 12:00AM
S-00317339,2,9/24/2013,,Budget Update,200000.00,n/a
S-00317339,3,3/31/2014,,Date Change,n/a,Mar 31 2015 12:00AM
C-00317307,1,4/18/2013,,Budget and Date Change,100000.00,May 15 2014 12:00AM
C-00317307,2,5/13/2014,YEAR 3,Budget and Date Change,100000.00,May 15 2015 12:00AM
C-00317307,3,6/4/2015,CORRECTED END DATE 5 YR CONTRA,Date Change,n/a,Apr 30 2017 12:00AM
C-00317307,4,6/15/2015,ADDED $ FOR FULL TERM OF CONTR,Budget Update,200000.00,n/a
P-00317143,1,12/18/2012,,Date Change,n/a,Apr 26 2014 12:00AM
P-00317143,2,5/17/2013,,Date Change,n/a,Apr 26 2015 12:00AM
P-00317143,3,2/28/2014,REVISED RATES,,n/a,n/a
P-00317143,4,3/27/2014,ADD TRAVEL GUIDELINES,,n/a,n/a
P-00317143,5,8/13/2014,,Date Change,n/a,Dec 31 2016 12:00AM
P-00317143,6,12/23/2014,,Date Change,n/a,May  5 2017 12:00AM
P-00317144,1,12/18/2012,,Date Change,n/a,Apr 26 2014 12:00AM
P-00317144,2,6/7/2013,,Date Change,n/a,Apr 26 2015 12:00AM
P-00317144,3,3/12/2014,ADD SUBCONSULTANT,,n/a,n/a
P-00317144,4,5/28/2014,ADDS SUBS,,n/a,n/a
P-00317144,5,10/31/2014,,Date Change,n/a,May 30 2016 12:00AM
P-00316959,1,10/20/2014,WTC EXPAND EXCLUSIVE PREMISES,,n/a,n/a
C-00317230,1,3/15/2013,,Date Change,n/a,Mar 21 2014 12:00AM
C-00317230,2,5/12/2014,,Date Change,n/a,Mar 21 2015 12:00AM
C-00317230,3,4/3/2015,,Date Change,n/a,Mar 21 2016 12:00AM
P-00317084,1,2/25/2015,,Date Change,n/a,Mar 20 2016 12:00AM
I-00317613,1,1/1/2015,AUTO RENEW UNLESS TERMINATED,Date Change,n/a,Dec 31 2015 12:00AM
I-00317613,2,1/1/2016,AUTO RENEWAL UNLESS TERMINATED,Date Change,n/a,Dec 31 2016 12:00AM
I-00317613,3,12/21/2016,AUTO RENEWAL,Date Change,n/a,Dec 31 2017 12:00AM
P-00316903,1,7/30/2012,ADD A SUBCONSULTANT,,n/a,n/a
P-00316903,2,10/24/2014,,Date Change,n/a,Feb 14 2017 12:00AM
P-00316903,3,12/28/2016,,Date Change,n/a,Dec  1 2017 12:00AM
C-00317239,1,7/17/2012,,Date Change,n/a,Jun 30 2013 12:00AM
C-00317239,2,10/2/2012,"1 TIME CUSTOMIZATE, PLUS 12 MO",Budget Update,40400.00,n/a
C-00317239,3,6/25/2013,,Budget and Date Change,36000.00,Jun 30 2014 12:00AM
C-00317239,4,8/11/2014,,Budget Update,36000.00,n/a
C-00317239,5,6/3/2015,EXTENDED TO MATCH RFID CONTRAC,Budget and Date Change,77000.00,Apr 30 2017 12:00AM
P-00317273,1,1/10/2013,,Date Change,n/a,Dec 31 2013 12:00AM
P-00317273,2,1/30/2013,,Budget Update,128000.00,n/a
P-00317273,3,1/27/2014,,Date Change,n/a,Dec 31 2014 12:00AM
P-00317273,4,1/4/2017,,Date Change,n/a,Dec 31 2017 12:00AM
P-00317223,1,7/11/2012,,Budget Update,2580.00,n/a
P-00317223,10,1/4/2017,,Date Change,n/a,Dec 31 2017 12:00AM
P-00317223,2,8/28/2012,,Budget Update,200.00,n/a
P-00317223,3,1/3/2013,,Date Change,n/a,Dec 31 2013 12:00AM
P-00317223,4,5/30/2013,,Budget Update,3000.00,n/a
P-00317223,5,9/5/2013,,Budget Update,500.00,n/a
P-00317223,6,1/27/2014,,Date Change,n/a,Dec 31 2014 12:00AM
P-00317223,7,7/10/2014,,Budget Update,7000.00,n/a
P-00317223,8,3/21/2016,"NEW NTE $19,780.00",Budget Update,5000.00,n/a
P-00317223,9,8/22/2016,"NEW NTE $ 20,280.00",Budget Update,500.00,n/a
P-00317226,1,9/8/2014,"ADD JS ENGINEERING, LLC",,n/a,n/a
P-00317226,2,2/11/2015,ADD OTT CONSTRUCTION,,n/a,n/a
P-00317226,3,2/13/2015,NEW RATE SHEET,,n/a,n/a
P-00317226,4,3/24/2015,"NEW NTE: $1,050,000.00",Budget Update,50000.00,n/a
P-00317226,5,4/7/2015,,Budget Update,260000.00,n/a
P-00317226,6,5/27/2016,,Budget Update,90000.00,n/a
P-00317289,1,1/7/2013,,Date Change,n/a,Dec 31 2013 12:00AM
P-00317289,2,1/27/2014,,Date Change,n/a,Dec 31 2014 12:00AM
P-00317289,3,1/25/2016,"NEW NTE $20,000.00",Budget Update,10000.00,n/a
P-00317289,4,1/4/2017,,Date Change,n/a,Dec 31 2017 12:00AM
P-00317329,1,5/14/2012,,Budget Update,20000.00,n/a
P-00317329,2,1/10/2013,,Date Change,n/a,Dec 31 2013 12:00AM
P-00317329,3,5/15/2013,,Budget Update,10000.00,n/a
P-00317329,4,1/27/2014,,Date Change,n/a,Dec 31 2014 12:00AM
P-00317329,5,2/12/2014,,Budget Update,25000.00,n/a
P-00317329,6,7/1/2016,"NEW NTE $ 14,000.00",Budget Update,14000.00,n/a
P-00317329,7,1/4/2017,,Date Change,n/a,Dec 31 2017 12:00AM
C-00317184,1,1/1/2013,,Budget and Date Change,1500.00,Dec 31 2013 12:00AM
P-00317247,1,11/30/2012,,Budget Update,15000.00,n/a
P-00317247,10,11/21/2016,"NEW NTE $80,000.00",Budget Update,4000.00,n/a
P-00317247,11,1/4/2017,,Date Change,n/a,Dec 31 2017 12:00AM
P-00317247,2,1/7/2013,,Date Change,n/a,Dec 31 2013 12:00AM
P-00317247,3,6/10/2013,,Budget Update,5000.00,n/a
P-00317247,4,1/27/2014,,Date Change,n/a,Dec 31 2014 12:00AM
P-00317247,5,4/30/2014,,Budget Update,10000.00,n/a
P-00317247,6,10/14/2014,,Budget Update,10000.00,n/a
P-00317247,7,12/30/2014,,Budget Update,5500.00,n/a
P-00317247,8,4/17/2015,"NEW NTE$ 70,500",Budget Update,30000.00,n/a
P-00317247,9,6/30/2016,NEW NTE $76000.00,Budget Update,5500.00,n/a
S-00317240,1,10/29/2013,,Date Change,n/a,Oct 31 2015 12:00AM
S-00317240,2,10/23/2015,ST CONTRACT EXTENSION,Date Change,n/a,Oct 31 2017 12:00AM
C-00317098,1,9/17/2012,,Budget and Date Change,-18491.00,Aug 31 2016 12:00AM
P-00316964,01,4/23/2012,MODIFIED SUPP CONDITIONS,,n/a,n/a
P-00316964,02,8/10/2015,,Date Change,n/a,Apr 30 2017 12:00AM
P-00316805,1,4/27/2016,,Budget Update,3500000.00,n/a
P-00316805,2,4/28/2016,RATE INCREASE,Date Change,n/a,Jun  1 2017 12:00AM
P-00317382,1,1/27/2014,,Date Change,n/a,Dec 31 2014 12:00AM
P-00317382,2,1/4/2017,,Date Change,n/a,Dec 31 2017 12:00AM
P-00316943,1,4/7/2016,,Date Change,n/a,Apr 30 2018 12:00AM
P-00316669,1,3/2/2015,,Date Change,n/a,Mar 23 2016 12:00AM
P-00316669,2,6/4/2015,ADDITIONAL EQUIP RENTAL RATES,,n/a,n/a
P-00316669,3,3/3/2016,,Date Change,n/a,Mar 23 2017 12:00AM
I-00317038,02,12/31/2012,,Budget Update,10052.50,n/a
I-00317038,03,8/18/2011,,Date Change,n/a,Dec 31 2013 12:00AM
I-00317038,4,1/1/2014,,Date Change,n/a,Dec 31 2014 12:00AM
I-00317038,5,1/1/2015,AUTO RENEW UNLESS CANCEL,Date Change,n/a,Dec 31 2015 12:00AM
I-00317038,6,1/1/2016,AUTO RENEWAL UNLESS TERMINATED,Date Change,n/a,Dec 31 2016 12:00AM
I-00316917,1,12/17/2013,INC WITHIN ORIG SCOPE,Budget and Date Change,130000.00,Dec 31 2050 12:00AM
P-00317072,1,11/14/2011,,Budget Update,-30000.00,n/a
P-00317072,10,2/10/2014,,Budget Update,5000.00,n/a
P-00317072,11,3/12/2014,,Budget Update,20000.00,n/a
P-00317072,12,7/28/2014,,Budget Update,15000.00,n/a
P-00317072,13,7/28/2016,"NEW NTE $95,000.00",Budget Update,5000.00,n/a
P-00317072,14,1/4/2017,,Date Change,n/a,Dec 31 2017 12:00AM
P-00317072,2,5/17/2012,,Budget Update,20000.00,n/a
P-00317072,3,10/2/2012,,Budget Update,-15000.00,n/a
P-00317072,4,1/3/2013,,Date Change,n/a,Dec 31 2013 12:00AM
P-00317072,5,7/25/2013,,Budget Update,5000.00,n/a
P-00317072,6,9/19/2013,,Budget Update,10000.00,n/a
P-00317072,7,12/6/2013,,Budget Update,5000.00,n/a
P-00317072,8,12/27/2013,,Budget Update,5000.00,n/a
P-00317072,9,1/27/2014,,Date Change,n/a,Dec 31 2014 12:00AM
P-00316928,1,12/13/2012,"NTE $35,003.00",Budget Update,5003.00,n/a
P-00316928,10,4/8/2015,"NEW NTE $66,003",Budget Update,11500.00,n/a
P-00316928,11,12/23/2015,"NEW NTE $76,003",Budget Update,10000.00,n/a
P-00316928,12,1/4/2017,,Date Change,n/a,Dec 31 2017 12:00AM
P-00316928,2,2/15/2012,,Date Change,n/a,Dec 31 2012 12:00AM
P-00316928,3,1/10/2013,,Date Change,n/a,Dec 31 2013 12:00AM
P-00316928,4,3/15/2013,"NTE $40,003.00",Budget Update,5000.00,n/a
P-00316928,5,6/28/2013,"NTE $45,003.00",Budget Update,5000.00,n/a
P-00316928,6,10/3/2013,"NTE $50,003.00",Budget Update,5000.00,n/a
P-00316928,7,1/27/2014,,Date Change,n/a,Dec 31 2014 12:00AM
P-00316928,8,8/18/2014,"NTE $54,503.00",Budget Update,4500.00,n/a
P-00316928,9,1/23/2015,,Date Change,n/a,Dec 31 2015 12:00AM
C-00316872,1,1/1/2012,,Budget and Date Change,28800.00,Dec 31 2012 12:00AM
C-00316872,2,12/31/2012,,Budget and Date Change,31536.00,Dec 31 2013 12:00AM
C-00316872,3,12/14/2012,PO C266265 LINE 13 FOR $2500,Budget Update,2500.00,n/a
C-00316872,4,2/13/2014,,Budget and Date Change,28800.00,Dec 31 2014 12:00AM
C-00316872,5,12/31/2014,ADDING ANOTHER YEAR,Date Change,n/a,Dec 31 2015 12:00AM
C-00316872,6,12/30/2015,,Budget and Date Change,28800.00,Dec 31 2016 12:00AM
S-00316837,1,12/1/2011,,Date Change,n/a,Oct 31 2012 12:00AM
S-00316837,2,10/18/2012,,Date Change,n/a,Oct 31 2013 12:00AM
S-00316837,3,10/22/2013,,Budget Update,75000.00,n/a
S-00316837,4,10/22/2013,,Date Change,n/a,Oct 22 2014 12:00AM
S-00316837,5,11/1/2014,,Date Change,n/a,Apr 30 2015 12:00AM
S-00316837,6,4/23/2015,STATE CONTRACT EXTENDED,Date Change,n/a,Aug 30 2015 12:00AM
S-00316837,7,8/17/2015,STATE EXTENDED TO 8/30/16,Date Change,n/a,Aug 30 2016 12:00AM
S-00316837,8,10/27/2016,STE CONTRACT EXTENDED,Date Change,n/a,Oct 31 2017 12:00AM
S-00316729,1,9/30/2013,,Budget and Date Change,3000000.00,Dec 31 2016 12:00AM
S-00316729,2,12/23/2014,,Budget Update,600000.00,n/a
P-00316967,1,12/8/2011,,Budget Update,60000.00,n/a
P-00316967,10,4/30/2015,"NET $ 1,119123.03",Budget Update,220000.00,n/a
P-00316967,11,1/4/2017,,Date Change,n/a,Dec 31 2017 12:00AM
P-00316967,2,2/22/2012,,Budget and Date Change,60000.00,Dec 31 2012 12:00AM
P-00316967,3,4/19/2012,,Budget Update,150000.00,n/a
P-00316967,4,10/17/2012,,Budget Update,150000.00,n/a
P-00316967,5,1/7/2013,,Date Change,n/a,Dec 31 2013 12:00AM
P-00316967,6,9/25/2013,,Budget Update,80015.05,n/a
P-00316967,7,1/27/2014,,Date Change,n/a,Dec 31 2014 12:00AM
P-00316967,8,7/1/2014,,Budget Update,100000.00,n/a
P-00316967,9,4/23/2015,"NET $ 1,119123.03",,n/a,n/a
P-00316753,1,11/22/2010,,Budget Update,5000.00,n/a
P-00316753,10,5/20/2015,"NEW NTE $45,000.00",Budget Update,15000.00,n/a
P-00316753,11,11/12/2015,"NEW NTE $55,000.00",Budget Update,10000.00,n/a
P-00316753,12,1/4/2017,,Date Change,n/a,Dec 31 2017 12:00AM
P-00316753,2,4/25/2011,,Budget Update,5000.00,n/a
P-00316753,3,2/1/2012,,Budget and Date Change,5000.00,Dec 31 2012 12:00AM
P-00316753,4,2/15/2012,,Date Change,n/a,Dec 31 2012 12:00AM
P-00316753,5,9/4/2012,,Budget Update,2500.00,n/a
P-00316753,6,1/10/2013,,Date Change,n/a,Dec 31 2013 12:00AM
P-00316753,7,5/8/2013,,Budget Update,2500.00,n/a
P-00316753,8,1/27/2014,,Date Change,n/a,Dec 31 2014 12:00AM
P-00316753,9,4/30/2014,,Budget Update,5000.00,n/a
P-00317441,1,1/3/2013,,Date Change,n/a,Dec 31 2013 12:00AM
P-00317441,2,1/27/2014,,Date Change,n/a,Dec 31 2014 12:00AM
P-00317441,3,4/30/2014,,Budget Update,70000.00,n/a
P-00317441,4,6/30/2014,,Budget Update,29000.00,n/a
P-00317441,5,1/15/2016,,Date Change,n/a,Dec 31 2016 12:00AM
P-00317441,6,1/4/2017,,Date Change,n/a,Dec 31 2017 12:00AM
S-00316594,1,12/29/2015,,Date Change,n/a,Mar 31 2016 12:00AM
P-00316754,02,1/4/2011,,Budget Update,-10000.00,n/a
P-00316754,1,5/27/2011,,Budget Update,20000.00,n/a
P-00316754,10,5/19/2015,"NET $92,500.00",Budget Update,10000.00,n/a
P-00316754,11,1/4/2017,,Date Change,n/a,Dec 31 2017 12:00AM
P-00316754,3,2/15/2012,,Date Change,n/a,Dec 31 2012 12:00AM
P-00316754,4,5/17/2012,,Budget Update,14000.00,n/a
P-00316754,5,11/28/2012,,Budget Update,-5000.00,n/a
P-00316754,6,1/3/2013,,Date Change,n/a,Dec 31 2013 12:00AM
P-00316754,7,10/23/2013,,Budget Update,3500.00,n/a
P-00316754,8,1/27/2014,,Date Change,n/a,Dec 31 2014 12:00AM
P-00316754,9,8/4/2014,,Budget Update,10000.00,n/a
P-00316493,2,11/22/2013,,Date Change,n/a,Dec 31 2014 12:00AM
P-00316493,4,11/17/2015,,Date Change,n/a,Dec 31 2016 12:00AM
C-00316767,1,2/1/2011,SERVICE RATE INCREASE FEB-DEC,Budget Update,4180.00,n/a
C-00316767,10,10/16/2013,INCREASE FOR INSURANCE RATE,Budget Update,1191.12,n/a
C-00316767,11,1/17/2014,,Budget and Date Change,69589.08,Dec 31 2014 12:00AM
C-00316767,12,12/31/2014,END DATE MATCHS WAIVER,Date Change,n/a,Dec 31 2016 12:00AM
C-00316767,13,1/28/2015,,Budget Update,73009.08,n/a
C-00316767,14,12/8/2015,,Budget Update,4515.87,n/a
C-00316767,15,1/27/2016,,Budget and Date Change,428347.23,Dec 31 2016 12:00AM
C-00316767,2,9/7/2011,"REPLACEMENT RECEIVER, T EMTMAN",Budget Update,200.00,n/a
C-00316767,3,1/1/2012,,Budget and Date Change,58739.00,Dec 31 2012 12:00AM
C-00316767,4,5/1/2012,,Budget Update,500.00,n/a
C-00316767,5,10/25/2012,"1 TIME CHARGE, TURN OFF CNN",Budget Update,284.70,n/a
C-00316767,7,11/12/2012,,Budget Update,285.74,n/a
C-00316767,8,12/21/2012,,Budget and Date Change,61677.00,Dec 31 2013 12:00AM
C-00316767,9,4/1/2013,,Budget Update,2278.08,n/a
P-00316398,1,4/21/2011,REVISED SCHEDULE OF FEES,Date Change,n/a,May  7 2012 12:00AM
P-00316398,2,7/20/2011,,Date Change,n/a,Mar 31 2014 12:00AM
P-00316398,3,3/7/2012,REVISED FEE SCHEDULE,Date Change,n/a,Dec 31 2015 12:00AM
P-00316398,4,2/21/2013,REVISED SCHEDULE OF FEES,Date Change,n/a,Dec 31 2016 12:00AM
P-00316398,5,8/28/2013,ADD SECTION TO SUPPL. T&CS,,n/a,n/a
P-00316398,6,12/4/2013,ADD 3 SUBCONSULTANTS,,n/a,n/a
P-00316398,7,3/18/2015,RATE INCREASE,,n/a,n/a
P-00316398,8,10/20/2016,,Date Change,n/a,Dec 31 2017 12:00AM
C-00316622,1,5/24/2011,,Budget and Date Change,11342.04,Apr 30 2012 12:00AM
C-00316622,2,5/1/2012,,Budget and Date Change,11852.40,Apr 30 2013 12:00AM
C-00316622,3,4/18/2013,,Budget and Date Change,11311.20,Apr 30 2014 12:00AM
C-00316622,4,4/1/2014,,Budget and Date Change,11820.24,Apr 30 2015 12:00AM
C-00316622,5,4/30/2015,AUTO RENEWAL,Budget and Date Change,12352.20,Apr 30 2016 12:00AM
C-00316622,6,5/1/2016,AUTO RENEWAL,Budget and Date Change,12908.05,Apr 30 2017 12:00AM
P-00316324,1,1/14/2011,ADDITION OF A SUBCONSULTANT,Date Change,n/a,Mar  3 2012 12:00AM
P-00316324,2,2/29/2012,REVISED SCHEDULE OF FEES,Date Change,n/a,Mar  3 2013 12:00AM
P-00316324,3,4/27/2012,ADDITION OF A SUBCONSULTANT,,n/a,n/a
P-00316324,4,2/25/2013,,Date Change,n/a,Dec 31 2015 12:00AM
P-00316324,5,11/13/2015,RATE INCREASE,,n/a,n/a
P-00316324,6,11/13/2015,,Date Change,n/a,Feb 29 2016 12:00AM
P-00316324,7,2/26/2016,,Date Change,n/a,Feb 28 2017 12:00AM
S-00316542,1,2/14/2014,,Date Change,n/a,Feb 15 2015 12:00AM
S-00316542,2,3/22/2016,,Date Change,n/a,May 15 2016 12:00AM
S-00316542,3,5/16/2016,DES 00211 EXTENDED,Budget and Date Change,30000.00,May 15 2017 12:00AM
S-00316542,4,10/25/2013,FAILED IN INCREASE PO,Budget Update,35000.00,n/a
P-00316422,1,1/9/2015,,Date Change,n/a,Feb 28 2017 12:00AM
C-00316425,1,1/1/2011,,Budget and Date Change,27500.04,Dec 31 2011 12:00AM
C-00316425,2,1/1/2012,,Budget and Date Change,27501.00,Dec 31 2012 12:00AM
C-00316425,3,12/21/2012,,Budget and Date Change,15057.00,Dec 31 2013 12:00AM
C-00316425,4,7/15/2014,,Budget and Date Change,74520.00,Jun 30 2015 12:00AM
C-00316425,5,7/20/2015,,Budget and Date Change,77127.96,Jun 30 2015 12:00AM
C-00316425,6,4/15/2016,ADDED $ THROUGH END OF FIXED K,Budget and Date Change,162450.00,Jun 30 2018 12:00AM
P-00316601,1,2/17/2011,,Budget and Date Change,4690.00,Dec 31 2011 12:00AM
P-00316601,2,1/7/2013,,Date Change,n/a,Dec 31 2013 12:00AM
P-00316601,3,12/27/2013,,Budget Update,3500.00,n/a
P-00316601,4,1/27/2014,,Date Change,n/a,Dec 31 2014 12:00AM
P-00316601,5,11/22/2016,"NEW NTE $18,100",Budget Update,3410.00,n/a
P-00316601,6,1/4/2017,,Budget and Date Change,50.00,Dec 31 2017 12:00AM
C-00316575,1,2/28/2011,,Budget and Date Change,13389.96,Feb 28 2012 12:00AM
C-00316575,2,3/1/2012,,Budget and Date Change,13791.60,Feb 28 2013 12:00AM
C-00316575,3,3/1/2013,,Budget and Date Change,14205.36,Feb 28 2014 12:00AM
C-00316575,4,2/3/2014,,Budget and Date Change,14631.52,Feb 28 2015 12:00AM
C-00316575,5,2/27/2015,AUTO RENEWAL,Budget and Date Change,15070.56,Feb 28 2016 12:00AM
C-00316575,6,2/29/2016,AUTO RENEWAL,Budget and Date Change,15522.60,Feb 28 2017 12:00AM
P-00316440,01,6/12/2012,REVISED FEES,,n/a,n/a
P-00316440,02,2/15/2012,HWA FEE REVISION,,n/a,n/a
P-00316440,03,6/1/2012,PES REVISED FEES,,n/a,n/a
P-00316440,04,10/30/2012,ARGUS FEE REVISION,,n/a,n/a
P-00316440,05,4/1/2013,ADD ROTH CONSULTING,,n/a,n/a
P-00316440,06,10/16/2013,,Budget Update,75500.00,n/a
P-00316440,07,12/12/2013,,Budget Update,8000.00,n/a
C-00316456,1,1/1/2011,EXTENDED FOR 1 YEAR TO12/31/11,Budget and Date Change,77855.04,Dec 31 2011 12:00AM
C-00316456,2,1/1/2012,,Budget and Date Change,77855.04,Dec 31 2012 12:00AM
C-00316456,3,1/3/2013,,Budget and Date Change,77855.04,Dec 31 2013 12:00AM
C-00316456,4,1/17/2014,,Budget and Date Change,77855.04,Dec 31 2014 12:00AM
C-00316456,5,12/1/2014,$ FOR AMEND 5-UPGRADE&6-MAINT,Budget and Date Change,262441.00,Dec 31 2015 12:00AM
C-00316456,6,1/5/2016,"AMEND 6, 5 YRS MAINT",Budget and Date Change,687205.00,Dec 31 2019 12:00AM
P-00316476,1,3/29/2011,"NTE $22,000",Budget and Date Change,5000.00,Dec 31 2011 12:00AM
P-00316476,10,4/8/2015,"NTE $99,700.00",Budget Update,24000.00,n/a
P-00316476,11,1/4/2017,,Date Change,n/a,Dec 31 2017 12:00AM
P-00316476,2,11/15/2011,"NTE $27,700",Budget Update,5700.00,n/a
P-00316476,3,2/15/2012,,Date Change,n/a,Dec 31 2012 12:00AM
P-00316476,4,8/13/2012,"NTE $43,700",Budget Update,16000.00,n/a
P-00316476,5,1/7/2013,,Date Change,n/a,Dec 31 2013 12:00AM
P-00316476,6,6/17/2013,"NTE $65,700",Budget Update,22000.00,n/a
P-00316476,7,1/27/2014,,Date Change,n/a,Dec 31 2014 12:00AM
P-00316476,8,9/5/2014,"NTE $75,700",Budget Update,10000.00,n/a
P-00316476,9,1/22/2015,,Date Change,n/a,Dec 31 2015 12:00AM
P-00316195,7,12/7/2012,,Budget and Date Change,1911854.00,Oct 31 2017 12:00AM
P-00316195,8,7/17/2013,REVISED SCHEDULE OF FEES,,n/a,n/a
S-00316179,1,12/30/2014,,Budget Update,52000.00,n/a
S-00316179,2,8/6/2015,WAIVER 2015-005,Date Change,n/a,Dec 31 2020 12:00AM
S-00316179,3,3/22/2016,"NEW NTE $1,718,170.49",Budget Update,1661710.49,n/a
S-00316182,1,12/30/2014,,Budget Update,52000.00,n/a
S-00316182,2,8/6/2015,WAIVER 2015-005,Date Change,n/a,Dec 31 2020 12:00AM
S-00316245,1,5/31/2014,,Date Change,n/a,May 31 2015 12:00AM
S-00316245,2,6/1/2015,,Date Change,n/a,May 31 2016 12:00AM
S-00316245,3,7/1/2016,,Date Change,n/a,Jun 30 2017 12:00AM
S-00316183,1,8/6/2015,WAIVER 2015-005,Date Change,n/a,Dec 31 2020 12:00AM
P-00316353,1,10/15/2010,,Budget and Date Change,10000.00,Dec 31 2010 12:00AM
P-00316353,10,12/15/2014,"NTE: $65,000",Budget Update,5000.00,n/a
P-00316353,11,1/23/2015,,Date Change,n/a,Dec 31 2015 12:00AM
P-00316353,12,4/8/2015,"NTE: $95,319.00",Budget Update,30319.00,n/a
P-00316353,13,1/4/2017,,Date Change,n/a,Dec 31 2017 12:00AM
P-00316353,2,12/15/2014,,Budget Update,5000.00,n/a
P-00316353,3,5/12/2011,,Budget and Date Change,25000.00,Dec 31 2011 12:00AM
P-00316353,4,2/15/2012,,Date Change,n/a,Dec 31 2012 12:00AM
P-00316353,5,1/10/2013,,Date Change,n/a,Dec 31 2013 12:00AM
P-00316353,6,1/27/2014,,Date Change,n/a,Dec 31 2014 12:00AM
P-00316353,7,8/25/2014,,Budget Update,5000.00,n/a
P-00316353,8,11/17/2014,,Budget Update,10000.00,n/a
P-00316353,9,11/25/2014,"NTE $60,000",Budget Update,10000.00,n/a
P-00316354,1,4/23/2010,,Budget Update,35000.00,n/a
P-00316354,10,1/27/2014,,Date Change,n/a,Dec 31 2014 12:00AM
P-00316354,11,8/18/2014,,Budget Update,5000.00,n/a
P-00316354,12,12/15/2014,,Budget Update,25000.00,n/a
P-00316354,13,12/22/2014,,Budget Update,25000.00,n/a
P-00316354,14,12/24/2014,,Budget Update,25000.00,n/a
P-00316354,15,12/24/2014,,Budget Update,25000.00,n/a
P-00316354,16,4/2/2015,,Budget Update,45500.00,n/a
P-00316354,17,4/9/2015,"MATTER 00010 NTE $293,000",Budget Update,6500.00,n/a
P-00316354,19,4/17/2015,NTE$ 648876.50,Budget Update,58500.00,n/a
P-00316354,2,5/12/2011,,Budget and Date Change,59000.00,Dec 31 2011 12:00AM
P-00316354,20,1/4/2017,,Date Change,n/a,Dec 31 2017 12:00AM
P-00316354,3,2/15/2012,,Date Change,n/a,Dec 31 2012 12:00AM
P-00316354,4,7/25/2012,,Budget Update,50000.00,n/a
P-00316354,5,1/10/2013,,Date Change,n/a,Dec 31 2013 12:00AM
P-00316354,6,3/15/2013,,Budget Update,20876.50,n/a
P-00316354,7,4/29/2013,,Budget Update,81500.00,n/a
P-00316354,8,8/29/2013,EST. NEW PO-0000254264,Budget Update,60000.00,n/a
P-00316354,9,10/3/2013,,Budget Update,75000.00,n/a
I-00316675,01,12/28/2010,,Date Change,n/a,Dec 31 2012 12:00AM
I-00316675,2,1/9/2013,,Date Change,n/a,Jun 30 2014 12:00AM
I-00316675,3,6/24/2014,,Date Change,n/a,Apr 22 2016 12:00AM
I-00316675,4,5/17/2016,,Date Change,n/a,Apr 22 2018 12:00AM
P-00315262,01,8/12/2010,,Budget and Date Change,5000.00,Dec 31 2010 12:00AM
P-00315262,02,10/12/2010,,Budget Update,370000.00,n/a
P-00315262,10,1/27/2014,,Date Change,n/a,Dec 31 2014 12:00AM
P-00315262,11,12/15/2014,,Budget Update,5000.00,n/a
P-00315262,12,7/8/2015,"NEW NET $1,540.000.00",Budget Update,300000.00,n/a
P-00315262,13,1/4/2017,,Date Change,n/a,Dec 31 2017 12:00AM
P-00315262,4,3/10/2011,NEW ACCOUNT 9NONO,,n/a,n/a
P-00315262,5,12/27/2011,,Budget Update,85000.00,n/a
P-00315262,6,2/15/2012,,Date Change,n/a,Dec 31 2012 12:00AM
P-00315262,7,4/19/2012,,Budget Update,150000.00,n/a
P-00315262,8,1/7/2013,,Date Change,n/a,Dec 31 2013 12:00AM
P-00315262,9,4/16/2013,,Budget Update,300000.00,n/a
P-00316009,04,3/29/2011,,Budget and Date Change,5000.00,Dec 31 2011 12:00AM
P-00316009,10,1/4/2017,,Date Change,n/a,Dec 31 2017 12:00AM
P-00316009,3,1/20/2011,,Budget Update,3100.00,n/a
P-00316009,5,9/9/2011,NEW CHARTFIELD,Date Change,n/a,Dec 31 2010 12:00AM
P-00316009,6,2/15/2012,,Date Change,n/a,Dec 31 2012 12:00AM
P-00316009,7,1/7/2013,,Date Change,n/a,Dec 31 2013 12:00AM
P-00316009,8,12/6/2013,,Budget Update,10000.00,n/a
P-00316009,9,1/27/2014,,Date Change,n/a,Dec 31 2014 12:00AM
P-00315388,1,5/14/2012,,Budget and Date Change,20000.00,Dec 31 2012 12:00AM
P-00315388,2,1/10/2013,,Date Change,n/a,Dec 31 2013 12:00AM
P-00315388,3,9/13/2013,,Budget Update,-6952.06,n/a
P-00315388,4,1/27/2014,,Date Change,n/a,Dec 31 2014 12:00AM
P-00315388,5,1/4/2017,,Date Change,n/a,Dec 31 2017 12:00AM
P-00316199,2,7/14/2011,,Date Change,n/a,Dec 31 2011 12:00AM
P-00316199,3,2/15/2012,,Date Change,n/a,Dec 31 2012 12:00AM
P-00316199,4,1/7/2013,,Date Change,n/a,Dec 31 2013 12:00AM
P-00316199,5,10/23/2013,,Budget Update,5000.00,n/a
P-00316199,6,1/27/2014,,Date Change,n/a,Dec 31 2014 12:00AM
P-00316199,7,1/4/2017,,Date Change,n/a,Dec 31 2017 12:00AM
P-00315360,10,6/9/2014,,Budget Update,10000.00,n/a
P-00315360,11,6/19/2014,,Budget Update,15000.00,n/a
P-00315360,12,12/30/2014,,Budget Update,5000.00,n/a
P-00315360,13,4/17/2015,NEW NTE$ 228000.00,Budget Update,30000.00,n/a
P-00315360,14,1/4/2017,,Date Change,n/a,Dec 31 2017 12:00AM
P-00315360,4,3/10/2011,,Date Change,n/a,Dec 31 2011 12:00AM
P-00315360,5,11/2/2011,,Budget Update,16000.00,n/a
P-00315360,6,2/15/2012,,Date Change,n/a,Dec 31 2012 12:00AM
P-00315360,7,3/29/2012,,Budget Update,37000.00,n/a
P-00315360,8,1/10/2013,,Date Change,n/a,Dec 31 2013 12:00AM
P-00315360,9,1/27/2014,,Date Change,n/a,Dec 31 2014 12:00AM
S-00315118,1,2/1/2009,,Date Change,n/a,Dec 31 2009 12:00AM
S-00315118,2,1/13/2010,,Date Change,n/a,Dec 31 2010 12:00AM
S-00315118,3,12/1/2010,,Date Change,n/a,Dec 31 2011 12:00AM
S-00315118,4,12/28/2011,,Date Change,n/a,Dec 31 2012 12:00AM
S-00315118,5,1/1/2012,,Date Change,n/a,Dec 31 2012 12:00AM
S-00315118,6,4/2/2012,,Date Change,n/a,Dec 31 2012 12:00AM
S-00315118,7,12/19/2012,,Date Change,n/a,Dec 31 2013 12:00AM
S-00315118,8,12/17/2013,,Date Change,n/a,Dec 31 2014 12:00AM
C-00314913,1,12/4/2009,,Budget Update,-657.00,n/a
C-00314913,2,4/19/2010,,Budget Update,19554.96,n/a
C-00314913,3,3/31/2011,,Budget and Date Change,17911.92,Dec 31 2100 12:00AM
C-00314913,4,2/17/2012,,Budget and Date Change,11647.91,Dec 31 2016 12:00AM
C-00314913,5,1/1/2013,,Budget Update,18798.36,n/a
C-00314913,6,1/1/2014,,Budget Update,19042.80,n/a
C-00314913,7,1/1/2015,,Budget and Date Change,19366.44,Dec 31 2015 12:00AM
C-00314913,8,1/20/2016,ADJ PER CPI-U,Budget Update,19792.56,n/a
P-00313953,1,2/23/2011,,Date Change,n/a,Dec 31 2015 12:00AM
P-00313953,2,2/23/2011,,Budget and Date Change,800000.00,Dec 31 2015 12:00AM
P-00313669,01,2/20/2007,,Date Change,n/a,Dec 31 2007 12:00AM
P-00313669,02,4/10/2008,,Budget and Date Change,2000000.00,Dec 31 2008 12:00AM
P-00313669,03,6/11/2008,,Budget Update,400000.00,n/a
P-00313669,04,1/27/2009,BILL RATES MODIFIED,Budget and Date Change,2800000.00,Dec 31 2009 12:00AM
P-00313669,05,11/3/2009,BILL RATES MODIFIED,Budget and Date Change,4300000.00,Dec 31 2013 12:00AM
P-00313669,06,11/25/2009,CHANGE SUBCONTRACTRS & RATES,,n/a,n/a
P-00313669,07,3/22/2010,,,n/a,n/a
P-00313669,08,4/21/2010,UPDATED RATES FOR WINDWARD,,n/a,n/a
P-00313669,10,3/5/2015,,Date Change,n/a,Dec 31 2016 12:00AM
P-00313669,11,11/4/2015,LABOR RATE CHANGES,,n/a,n/a
P-00313669,8A,12/6/2012,CORRECT MISINFO ON AMEND8,,n/a,n/a
P-00313669,9,7/29/2013,,Date Change,n/a,Dec 31 2015 12:00AM
P-00312026,01,4/5/2005,,Budget and Date Change,4000000.00,Jun 30 2008 12:00AM
P-00312026,02,5/14/2007,,Budget and Date Change,5000000.00,Dec 31 2009 12:00AM
P-00312026,03,11/30/2009,,Date Change,n/a,Jun 30 2013 12:00AM
P-00312026,04,3/6/2014,,Date Change,n/a,Dec 31 2016 12:00AM
P-00312026,05,12/16/2016,INTL ADJ ONLY,Budget Update,2676.88,n/a
P-00311766,05,9/6/2011,,Budget Update,100000.00,n/a
P-00311766,06,12/21/2016,ON-GOING NO END DATE ON AGMT,Date Change,n/a,Dec 31 2021 12:00AM
P-00311766,1,1/25/2005,,Budget Update,40000.00,n/a
P-00311766,2,8/24/2005,,Budget Update,100000.00,n/a
P-00311766,3,5/18/2009,,Date Change,n/a,Dec 31 2011 12:00AM
P-00311766,4,2/23/2011,,Budget and Date Change,675000.00,Dec 31 2015 12:00AM
P-00314929,02,9/27/2006,,Budget Update,400000.00,n/a
P-00314929,03,12/19/2006,,Budget and Date Change,1500000.00,Dec 31 2007 12:00AM
P-00314929,05,11/3/2009,,Budget and Date Change,7019000.00,Dec 31 2012 12:00AM
P-00314929,06,12/29/2009,BILLING RATES CHANGED,,n/a,n/a
P-00314929,07,2/11/2010,ADDED 2 SUBS,,n/a,n/a
P-00314929,08,3/1/2010,ADDED 1 SUB,,n/a,n/a
P-00314929,09,5/11/2012,ADDING SUBS,,n/a,n/a
P-00314929,10,10/3/2012,,Budget and Date Change,2000000.00,Dec 31 2014 12:00AM
P-00314929,11,12/1/2014,,Date Change,n/a,Dec 31 2015 12:00AM
P-00314929,A2,2/28/2008,,Date Change,n/a,Dec 31 2008 12:00AM
P-00311838,1,3/10/2011,,Budget and Date Change,480000.00,Dec 31 2015 12:00AM
P-00311838,2,4/26/2013,,Budget Update,770000.00,n/a
P-00311812,1,7/14/2009,,Budget Update,708731.09,n/a
P-00311812,2,9/16/2010,,Budget Update,5000.00,n/a
P-00311812,3,2/23/2011,,Budget and Date Change,1900000.00,Dec 31 2015 12:00AM
P-00311812,4,2/18/2016,,Budget and Date Change,2000000.00,Dec 31 2016 12:00AM
P-00311626,1,2/23/2011,,Budget and Date Change,160000.00,Dec 31 2015 12:00AM
P-00311626,2,4/11/2013,,Budget Update,2300000.00,n/a
P-00311626,3,12/8/2015,,Budget and Date Change,3000000.00,Dec 31 2020 12:00AM
I-00318052,1,6/11/2014,FISHER STUDY,,n/a,n/a
I-00318052,2,10/9/2014,ENR/AC PILOT STUDY,,n/a,n/a
I-00318052,3,6/3/2015,,Budget Update,12500000.00,n/a
I-00318052,4,7/7/2015,ADMNISTRATION OF OUTREACH CTR.,Budget Update,200000.00,n/a
P-00308625,01,12/14/2006,,Budget Update,50000.00,n/a
P-00308625,02,5/18/2009,,Date Change,n/a,Dec 31 2012 12:00AM
P-00308625,03,6/26/2009,,Budget Update,25000.00,n/a
P-00308625,04,11/16/2009,,Budget Update,75000.00,n/a
P-00308625,05,10/18/2010,,Budget Update,15500.00,n/a
P-00308625,06,4/11/2011,,Budget Update,221000.00,n/a
P-00308577,01,1/2/2008,,Budget and Date Change,98000.00,Dec 31 2009 12:00AM
P-00308577,02,5/24/2010,,Budget and Date Change,200000.00,Dec 31 2015 12:00AM
P-00308577,3,2/5/2014,,Budget and Date Change,653000.00,Dec 31 2013 12:00AM
P-00305189,01,2/1/2001,,Budget Update,366920.00,n/a
P-00305189,02,6/4/2001,,Budget Update,247671.61,n/a
P-00305189,03,7/24/2001,,Budget Update,189396.90,n/a
P-00305189,04,9/1/2001,,Budget Update,630000.00,n/a
P-00305189,05,10/22/2001,,Budget Update,208005.48,n/a
P-00305189,06,4/2/2002,,Budget Update,333421.23,n/a
P-00305189,07,7/17/2002,,Budget Update,159660.83,n/a
P-00305189,08,10/11/2002,,Budget Update,1516809.60,n/a
P-00305189,09,1/26/2004,,Budget and Date Change,1500000.00,Jan 31 2005 12:00AM
P-00305189,10,6/25/2004,,Budget Update,1300000.00,n/a
P-00305189,11,1/21/2005,,Budget and Date Change,1800000.00,Jan  1 2008 12:00AM
P-00305189,12,11/1/2005,,Budget Update,1000000.00,n/a
P-00305189,13,12/22/2005,,Date Change,n/a,Dec 31 2006 12:00AM
P-00305189,14,3/29/2006,,Budget Update,3500000.00,n/a
P-00305189,15,12/15/2006,,Budget and Date Change,1656714.00,Dec 31 2007 12:00AM
P-00305189,16,10/12/2007,ATTACHMENT C,,n/a,n/a
P-00305189,17,3/18/2009,,Budget and Date Change,1400000.00,Dec 31 2009 12:00AM
P-00305189,18,8/27/2009,REVISED RATES,,n/a,n/a
P-00305189,19,12/29/2009,REVISED RATES (5%),Budget and Date Change,500000.00,Dec 31 2012 12:00AM
P-00305189,21,10/16/2012,CHANGED PORT PM,Date Change,n/a,Dec 31 2014 12:00AM
P-00305189,24,8/5/2014,,Date Change,n/a,Dec 31 2016 12:00AM
P-00305189,A-1,12/27/2005,EXTEND SA END DATES,,n/a,n/a
P-00305189,A-2,5/1/2003,REVISED RATES,,n/a,n/a
C-00316480,ADD1,6/28/1999,RATE CHANGE,,n/a,n/a
C-00316480,ADD2,9/27/2002,RATE,,n/a,n/a
C-00316480,ADD3,2/17/2004,RATE,,n/a,n/a
C-00316480,ADD4,12/19/2007,RATE,,n/a,n/a
C-00316480,ADD5,10/1/2013,RATE ADJ,,n/a,n/a
C-00316480,PO1,9/12/1996,,Budget and Date Change,37981.20,Dec 31 1997 12:00AM
C-00316480,PO10,2/2/2006,,Budget and Date Change,76326.80,Dec 31 2006 12:00AM
C-00316480,PO11,1/23/2007,,Budget and Date Change,77017.05,Dec 31 2007 12:00AM
C-00316480,PO12,12/28/2007,,Budget and Date Change,70083.50,Dec 31 2008 12:00AM
C-00316480,PO13,1/26/2009,,Budget and Date Change,75420.72,Dec 31 2009 12:00AM
C-00316480,PO14,2/27/2010,,Budget and Date Change,69996.00,Dec 31 2010 12:00AM
C-00316480,PO15,12/17/2010,,Budget and Date Change,73229.04,Dec 31 2011 12:00AM
C-00316480,PO16,1/16/2012,,Budget and Date Change,73229.04,Dec 31 2012 12:00AM
C-00316480,PO17,12/20/2012,,Budget and Date Change,73229.04,Dec 31 2013 12:00AM
C-00316480,PO18,12/23/2013,,Budget and Date Change,78311.40,Dec 31 2014 12:00AM
C-00316480,PO19,12/23/2013,,Budget and Date Change,78311.40,Dec 31 2014 12:00AM
C-00316480,PO2,1/8/1998,,Budget and Date Change,38606.48,Dec 31 1998 12:00AM
C-00316480,PO20,1/13/2015,,Budget and Date Change,78311.40,Dec 31 2015 12:00AM
C-00316480,PO21,12/16/2015,,Budget and Date Change,78311.40,Dec 31 2016 12:00AM
C-00316480,PO22,12/21/2016,AUTO RENEWAL UNLESS TERM,Budget and Date Change,80657.16,Dec 31 2017 12:00AM
C-00316480,PO3,1/1/1999,,Budget and Date Change,30796.50,Sep 30 1999 12:00AM
C-00316480,PO4,9/20/1999,,Budget and Date Change,42222.00,Sep 30 2000 12:00AM
C-00316480,PO5,11/29/2000,,Budget and Date Change,42222.00,Sep 30 2001 12:00AM
C-00316480,PO6,9/21/2001,,Budget and Date Change,45851.40,Sep 30 2001 12:00AM
C-00316480,PO7,10/1/2002,,Budget and Date Change,49528.42,Sep 30 2003 12:00AM
C-00316480,12,1,2,,,
C-00316480,1,2,,,,
